"#lorrainebardeen","1"
"#truth","5"
"#technet4u","2"
"#blazeit","1"
"#tried","1"
"#screen","2"
"#live","18"
"#batch","3"
"#mediaservices","4"
"#microsoftinnovationcenter","1"
"#gadgets","19"
"#someone","1"
"#new3ds","3"
"#safari","3"
"#playstationicons","1"
"#wearable","8"
"#kotaku","2"
"#toronto","12"
"#notesforlife","1"
"#today","3"
"#superbowlad","10"
"#failtrain","1"
"#modernworkplace","1"
"#enigmacg","3"
"#3d","39"
"#persuaded","1"
"#ios8","1"
"#wortell","1"
"#techtronicshow","2"
"#roadmap","13"
"#augmentedreality","34"
"#truestatement","1"
"#enterprisesolution","4"
"#vesperia","4"
"#wipro","1"
"#believes","1"
"#fundamentals","1"
"#lumialove","1"
"#metrotube","1"
"#galaxy","1"
"#msmustdie","1"
"#herewecome","1"
"#register","1"
"#mute","2"
"#wirelesschargingplate","4"
"#mvc","14"
"#mva","14"
"#gdc","10"
"#gizmodo","1"
"#save","12"
"#epm","1"
"#could","1"
"#terran","3"
"#artificial","2"
"#mvp","14"
"#outlook's","1"
"#opensource.undoubtedly","1"
"#tools","9"
"#jitendraawhad","1"
"#technologylab","3"
"#kitkat","1"
"#tmobile","4"
"#instruction","1"
"#design","13"
"#corporateemail","2"
"#recovery","3"
"#superbowlrally","2"
"#gameofthrones","2"
"#siebel","2"
"#download","111"
"#grimbo","4"
"#stars","1"
"#emailapp","3"
"#offering","2"
"#fixthisshit","1"
"#35","1"
"#34","1"
"#37","1"
"#consumers","2"
"#30","1"
"#personaldevelopment","3"
"#ideas","1"
"#oneplusoneinvite","1"
"#azure","389"
"#toxichellstew","1"
"#dynamicscrm","3"
"#extremewealth","1"
"#lgg4","1"
"#grimsby","1"
"#microsoft,#xboxone#nat","1"
"#guts","1"
"#itbnews","3"
"#freeglasses","2"
"#manufacturers","4"
"#results","3"
"#minecraftpocketedtion","1"
"#terminal","1"
"#xcentral","1"
"#oldfieldsol","51"
"#goggles","3"
"#government","2"
"#taskparallellibrary","1"
"#thejoeshow","1"
"#skyhawks","1"
"#here","1"
"#programming","1217"
"#wallets","1"
"#techthurday","1"
"#dynamicsax","6"
"#gamergate","1"
"#fridayinnovation","1"
"#ceo's","1"
"#parisfrancisscottkeyfitzgerald","1"
"#satya's","1"
"#virtualbox","1"
"#javascript","13"
"#wortelligence","1"
"#gorgeous","1"
"#kennyg","1"
"#philspencer","3"
"#tvwhitespaces","1"
"#this","1"
"#overabarrel","1"
"#volunteer","1"
"#camera","2"
"#microsoftproducts","1"
"#alzheimer","1"
"#script","1"
"#gear","1"
"#flip","1"
"#2003","1"
"#fsrm","2"
"#bellevue","5"
"#.compli","1"
"#megaman","1"
"#fairfax","1"
"#sexy","1"
"#botnet","2"
"#meeting","1"
"#tax","5"
"#snapdeal","5"
"#lte","2"
"#cometlanding","1"
"#bank","5"
"#spla","2"
"#cloudcomputing","30"
"#staypositive","1"
"#skypetranslator","1"
"#asus","1"
"#band","8"
"#mailbox","2"
"#italy","1"
"#makermovement","1"
"#multibillion-#dollar","1"
"#develop","1"
"#office16","2"
"#bray","1"
"#ilmasoft","2"
"#gnu","1"
"#tombrady","1"
"#grandtheftauto","5"
"#viral","1"
"#spartan","84"
"#diem","3"
"#pmp","1"
"#upsanddowns","1"
"#emailservice","1"
"#jordan","1"
"#framework","5"
"#acompli)","1"
"#formatconversion","1"
"#canadanepal","1"
"#jrebel","1"
"#pmo","1"
"#mirrormirror","1"
"#unity3d","13"
"#nms","1"
"#technet","5"
"#8isgreat","1"
"#down","11"
"#owned","1"
"#elearning","27"
"#couple","1"
"#hightechsupply","1"
"#february","3"
"#exam","1"
"#php","1"
"#googless","1"
"#sicherheitslücke","1"
"#pragma","1"
"#microsoftstores","3"
"#windowsphone8","2"
"#columbus","3"
"#twitterupdate","1"
"#banking","6"
"#embedded","2"
"#sb49","148"
"#gb","3"
"#steveb","1"
"#leadfromwithin","13"
"#bics","1"
"#brilliantidea","1"
"#infoblazeind","1"
"#ecosystem","4"
"#omaha","1"
"#mrchildrenlyrics","1"
"#nextgen","2"
"#stayready","1"
"#mcse","6"
"#chalktalk2015","4"
"#mcsa","10"
"#harman","1"
"#radioew","3"
"#worklikeanetwork","1"
"#visio","4"
"#hmmmm","2"
"#xim","2"
"#jaunt","1"
"#yesitcan","2"
"#lumiachallenge","1"
"#streaminganalytics","2"
"#karlstad","3"
"#ripwinphone","1"
"#adapter","2"
"#marvel","3"
"#gtmax","1"
"#windowsphones","1"
"#series2","1"
"#microsoftsurface2","2"
"#rutaalternacr","1"
"#partner","1"
"#sharefile","1"
"#retrogaming","50"
"#makeithappenea.wear","2"
"#template","1"
"#catsofinstagram","1"
"#america","1"
"#cia","1"
"#vostro","1"
"#funny","3"
"#newproject","26"
"#projectserver","1"
"#handsetbusiness","1"
"#dataintegration","5"
"#best","2"
"#structures","1"
"#cio","8"
"#workmail","53"
"#cip","1"
"#simulator","2"
"#beirut","1"
"#mobileapps","11"
"#holograms","50"
"#comcast","1"
"#forbusiness","1"
"#dorpeling","1"
"#gainz","1"
"#notch","2"
"#ictsouth","1"
"#mojang's","1"
"#learn","1"
"#articles","5"
"#json","1"
"#humans","1"
"#bestbuy","3"
"#ucoms","4"
"#greece","1"
"#simple","6"
"#condociti","1"
"#vulnerable","1"
"#future","35"
"#paintball","2"
"#aquesi","1"
"#shakeshack","1"
"#zapproved","1"
"#robots","20"
"#kaspersky","1"
"#embrace","1"
"#chester","3"
"#fit","1"
"#trending","3"
"#control","2"
"#centurylinkfield","4"
"#marketplace","1"
"#share","5"
"#darty","8"
"#contract","1"
"#africa","9"
"#empoweringi","2"
"#openfollback","1"
"#inspiringpeopleofallages","1"
"#support","4"
"#windows_10","6"
"#pointe-claire","2"
"#nationwidecommercial","1"
"#crowdfund","5"
"#chloeenvy","1"
"#california","1"
"#ilostsleepbecause","1"
"#siliconvalley","5"
"#passbac","1"
"#diseño","2"
"#password","2"
"#msdn","1"
"#exploit","4"
"#hyderabad","1"
"#techsupport","1"
"#twitch","4"
"#systemscentre","2"
"#tmsreport","1"
"#maybe","1"
"#nokialumia625","1"
"#la","1"
"#samsung","26"
"#chakra","1"
"#networkingconnectivity","1"
"#careers","1"
"#instalike","2"
"#aretheywatchingus","1"
"#fixthefuckingproblems","1"
"#nokiahere","1"
"#todaysparky","1"
"#howtos","3"
"#update","13"
"#brandstory","1"
"#rebootcamp","5"
"#spark","1"
"#groundhogday","1"
"#svg","1"
"#tweet","1"
"#talkit","8"
"#commercial","9"
"#accelerate","1"
"#search","6"
"#rahulsood","1"
"#iphone","425"
"#sb34","1"
"#manchester","2"
"#cloud-first","1"
"#microsoftproject","1"
"#touchdownlumia","18"
"#samadhan","1"
"#get","1"
"#book","3"
"#pwc","2"
"#nonetflix","1"
"#cloudplatform","3"
"#boom","1"
"#panasonic","1"
"#mseducation","1"
"#puppet","1"
"#backdoors","1"
"#notes","1"
"#schools","2"
"#scamartists","1"
"#siri","7"
"#aws","30"
"#yyc","2"
"#startrekkie","1"
"#owenthomas","2"
"#rain","1"
"#seo&gt;tv","2"
"#hires","1"
"#phone's","1"
"#beritait","1"
"#pipedrive","1"
"#advertise","1"
"##technews","3"
"#bestcommercial","2"
"#domain","2"
"#ibhlive","1"
"#getronics","7"
"#techupdate","1"
"#saarejahaanseaccha","1"
"#accounting","1"
"#businessclass","4"
"#skype50forandroid","1"
"#slingshot","1"
"#sirefef","1"
"#fastfurious7","2"
"#work)","1"
"#autocad","1"
"#pc-mac-webetmobiles","1"
"#cmo-cio","1"
"#radia","1"
"#techinsider","1"
"#gwg","1"
"#pushiehostjksimmons","5"
"#release","7"
"#mdcn","1"
"#zune","6"
"#releases","1"
"#natonwide","3"
"#filme","1"
"#document","2"
"#pwnedcast","2"
"#handoff","1"
"#empower","6"
"#beagleboneblack","1"
"#speaker","1"
"#newblog","3"
"#digitalcx","1"
"#passion","1"
"#hackallthethings","1"
"#learningawards","1"
"#incredible","1"
"#kinectadventures","2"
"#likeaboss","1"
"#trends!#microsoft","1"
"#mac","3078"
"#ecs","1"
"#olahraga","1"
"#deeplearning","2"
"#malware+#adware","1"
"#25","1"
"#techtuesday2015","1"
"#trial","1"
"#cleveland","1"
"#empowering","234"
"#ctt+","1"
"#top20kenyanconsumersuperbrands","1"
"#licensing","9"
"#vlc","82"
"#nytimes","1"
"#small","1"
"#galaxys6","1"
"#cellular","1"
"#39","1"
"#doublestandards","2"
"#ecm","1"
"#always","7"
"#ayg","3"
"#dealnews","6"
"#thebrilliantbus","1"
"#unboxing","2"
"#takethat","4"
"#securitynews","1"
"#adblocking","2"
"#cuba","2"
"#itm309","1"
"#gdc2015","2"
"#streetfightervstekken","1"
"#rolls","1"
"#psndownagain","1"
"#holographicglasses","1"
"#ceiba3dstudio","1"
"#sbutd","2"
"#opensources","8"
"#catalonia","1"
"#blogtime","1"
"#letsplay","2"
"#halo5","3"
"#privacy","29"
"#playstation","15"
"#richardbranson","1"
"#farmers","1"
"#halo3","2"
"#halo2","1"
"#mspsmt","1"
"#gamechanger","3"
"#scifi","4"
"#sonics","1"
"#gatesletter","1"
"#ballmer","3"
"#nursing","1"
"#winter","3"
"#thedayhellfreezesover","1"
"#clanguage","1"
"#standards","1"
"#citrix","16"
"#keepthetailwagging","1"
"#layoffs","2"
"#simpsons","1"
"#universalapps","2"
"#enterpriseit","1"
"#cursogratis","2"
"#nexus5","1"
"#virtualization","2"
"#myozobituary","1"
"#loyal","1"
"#dataprotection","3"
"#johanlarson","11"
"#fifa","1"
"#atlanta's","1"
"#crossplatform","3"
"#26jan'15","1"
"#cyanogeninc","1"
"#israel","3"
"#passed","1"
"#xboxlivegold","3"
"#techcomm","1"
"#cafchangeslives","2"
"#ceos","2"
"#gameon","3"
"#programmer","1160"
"#businessintelligence","41"
"#dissertation","1"
"#airlines","2"
"#10essential","1"
"#msftsrep","1"
"#customrom","1"
"#exozombies","1"
"#voiceover","3"
"#meetup","3"
"#android#tablets","3"
"#universe","3"
"#whatsorceryisthis","1"
"#lippiercing","1"
"#ipadairplus","1"
"#warcraft","1"
"#cantwait","1"
"#zdnet","1"
"#textio","1"
"#edutech","1"
"#internetexploder","1"
"#ickeywoods","2"
"#calgary","4"
"#salesforce","16"
"#clink","1"
"#rasberrypi2","2"
"#gates'","1"
"#hakkasan","20"
"#us","6"
"#scam","3"
"#atlast","1"
"#dlph","1"
"#cybercrime","1"
"#oneworldgovernment","1"
"#virgingalactic","1"
"#projects","1"
"#learnit","1"
"#stocktalk","1"
"#sponsorship","1"
"#very","1"
"#mailchimp","1"
"#ignite","24"
"#mobilephones","6"
"#suicideweather","1"
"#bpulse","2"
"#altcoins","1"
"#siga","1"
"#artificialintelligance","1"
"##","4"
"#binary12thman","4"
"#proudtobea12","1"
"#blackberry","17"
"#b2tf","2"
"#emploi","1"
"#lockscreens","2"
"#lastgen","1"
"#assassin","3"
"#opinion","4"
"#thoughts-a","1"
"#offers","6"
"#ilm","2"
"#hellfrozenover","1"
"#maps","1"
"#nd","1"
"#dynasty","1"
"#style","1"
"#recruiters","1"
"#clipart","1"
"#80s","4"
"#august","1"
"#virtualmachine","3"
"#homesweethome","1"
"#os","68"
"#richestman","1"
"#followme","1"
"#firstcome","2"
"#dientessanos","1"
"#registry","1"
"#modcommunity","1"
"#ebooks","2"
"#electronics","6"
"#electra","1"
"#of","1"
"#freebiefriday","6"
"#innovation","35"
"#build2015","1"
"#tml996","1"
"#throwback","3"
"#on","9"
"#elpaso","2"
"#spielen","1"
"#poopthatsnowwater","1"
"#rofl","1"
"#midnight","1"
"#lovethiscompany","1"
"#artificialintelligence","23"
"#billionairebreakfast","1"
"#callofdutyadvancedwarfare","1"
"#sportforall","1"
"#birmingham","2"
"#lifehack","1"
"#googlenow","1"
"#eduation","1"
"#mktg301","4"
"#braylononeill","1"
"#apr360","2"
"#alldev","1"
"#macbooks","1"
"#cool","6"
"#trololo","1"
"#o2","2"
"#virginia","3"
"#bitcoinpaymentsmicrosoft","6"
"#republicday(india)","1"
"#consolewars","2"
"#lazy","1"
"#software","1294"
"#techproductsreviews","4"
"#h1z1","1"
"#microtech","1"
"#endearing","1"
"#seminar","2"
"#neptunecanada","1"
"#ghana","12"
"#xboxdown","1"
"#broadcom","1"
"#nintendo","31"
"#postfreeadsonbnshubdotcom","1"
"#pdfmaker","4"
"#virtual","4"
"#newbundle","1"
"#inspiron","1"
"#drop","2"
"#inverness","2"
"#surfaces","1"
"#rackspace","2"
"#time2upgrade","3"
"#fml","2"
"#controller","9"
"#cto","4"
"#authentication","2"
"#isbn","1"
"#techjuice","1"
"#pune","9"
"#ctg","5"
"#proctergamble","1"
"#appstores","1"
"#microsoftitacademy","3"
"#instagram","2"
"#server2012","1"
"#chromebrowser","1"
"#soft]","1"
"#sick","1"
"#gamergirl","1"
"#everyone","1"
"#closeup","1"
"#space","1"
"#mobilefirst","1"
"#microsoft...hit","2"
"#fh2","3"
"#fountain","1"
"#follow","23"
"#12news","1"
"#inspired","1"
"#reporting","2"
"#ammantt","2"
"#wap","1"
"#robertscoble","1"
"#war","3"
"#debuts","1"
"#surface3","2"
"#acer","8"
"#love","5"
"#bombshell","1"
"#ems","8"
"#technical","25"
"#office365dev","1"
"#startrek","1"
"#empowerusall","2"
"#bpm","2"
"#crime","1"
"#face-off","1"
"#likelikelike","1"
"#hotstop","1"
"#musings","2"
"#cupcozy","1"
"#window7","1"
"#economy","1"
"#phoenix","2"
"#publicutility2","1"
"#biggest","1"
"#paas","3"
"#hacker","1"
"#pureview","5"
"#collaboration","13"
"#superbowlcommercials","54"
"#microsoftstore","4"
"#advanced","2"
"#bill","6"
"#freelance","1"
"#zelda","2"
"#legaltrust","1"
"#rasberrypi","2"
"#nike","2"
"#ubiquitous","6"
"#gaelic","2"
"#car","1"
"#fact","2"
"#flats","1"
"#uefi","1"
"#windows10calendar","1"
"#phstn","1"
"#everything","3"
"#microsoftgp","1"
"#informationsecurity","1"
"#windowsos","623"
"#informationweek","1"
"#topnews","2"
"#nissan","14"
"#msptn","3"
"#erichorvitzs","4"
"#previouschapter","1"
"#byod","5"
"#glassrepair","1"
"#jonbohmer","1"
"#englishcove","1"
"#hsts","1"
"#fgptech","1"
"#computerbasics","1"
"#tips_tricks","2"
"#sp500","15"
"#sailsjs","6"
"#investment","12"
"#gurnee","1"
"#growing","2"
"#proudindian","1"
"#thenewyorktimes","1"
"#digicomp","1"
"#smallbusinessserver","1"
"#cooler","1"
"#xoxo","1"
"#ring","1"
"#sultan","3"
"#loultimo","1"
"#s4;","1"
"#derry","5"
"#erp","26"
"#roc","2"
"#fitness","8"
"#macafee","1"
"#glasses","5"
"#need","1"
"#chrishardwick","6"
"#hori","5"
"#weneedmoregames","2"
"#resolution","1"
"#luminen","1"
"#opsmgr","1"
"#thefuture","3"
"#virtualmachines","1"
"#valentinesday","1"
"#seahwaks","1"
"#cloudnews","1"
"#microsoftpartners","5"
"#quantitative","1"
"#zang","2"
"#microsoftcertified","1"
"#adblockscandal","1"
"#lumia2520","15"
"#environment","24"
"#pointrun","2"
"#theinterview","1"
"#officeforandroidtablet","1"
"#msdyncrm","33"
"#cpu","1"
"#mine","1"
"#androidosmaker","1"
"#pmot","3"
"#digitalskills","2"
"#droid","3"
"#mvpawardprogram","2"
"#bbc","38"
"#help","7"
"#superbowlxlix","105"
"#uglycry","1"
"#launched","1"
"#leotechnosoft","1"
"#lumia1030","47"
"#hls","1"
"#carshopping","6"
"#student","2"
"#tonymontana","2"
"#onsitego","2"
"#baba","1"
"#sale","13"
"#charity","1"
"#itsoultions","1"
"#technews","86"
"#australian","1"
"#haha","1"
"#billgates'","1"
"#jquery","9"
"#msftedu","12"
"#shadowofmordor","1"
"#abortion","1"
"#bigbrother","1"
"#asia","1"
"#level","1"
"#cloudos","6"
"#lego","4"
"#wp8dev","2"
"#keylogger","3"
"#dynamicsgp","1"
"#interviews","1"
"#vlookup","1"
"#possibilities","1"
"#microsoftuk","4"
"#customer","2"
"#tombraider","2"
"#juniper","1"
"#nathandrake","2"
"#minecraftvideo","3"
"#science","4"
"#scaleout","1"
"#itsecurity","5"
"#essay","1"
"#designlovers","1"
"#msdev","41"
"#odesk","999"
"#crying","1"
"#androidapp","6"
"#imafan","1"
"#sad","2"
"#news","151"
"#applerulez","1"
"#cansuck","1"
"#sportstickets","2"
"#ssd","1"
"#serversdown","1"
"#soon","26"
"#socbiz","1"
"#geps2015","3"
"#rom","2"
"#toy","1"
"#holo-lens","2"
"#tot","2"
"#inspiration","4"
"#ecdl","1"
"#xylos","5"
"#americanairlines","1"
"#tulsa","1"
"#vzwbuzz","1"
"#microsoft-workflow","1"
"#suoerbowlads","1"
"#sea","6"
"#gainsborough","1"
"#apprentice","1"
"#sem","6"
"#seo","5"
"#crm2013","2"
"#formazione","4"
"#crm2015","9"
"#earthwormjim","4"
"#agent","1"
"#twighlight","1"
"#believeinyourdreams","1"
"#games","26"
"#gamer","24"
"#3xedigital","4"
"#torino","4"
"#areyougaming","3"
"#gaming","163"
"#sex","1"
"#keysweeper","1"
"#movie","1"
"#polycom","18"
"#searchblog","3"
"#gold_games","1"
"#passport","1"
"#superbowlsunday","8"
"#ukevangelistteam","2"
"#pcs","5"
"#nada2015","8"
"#pcm","2"
"#excited","8"
"#heycortana","3"
"#dpd2015","4"
"#picture","2"
"#535","4"
"#communication","2"
"#deliverchange","1"
"#now","2"
"#not","1"
"#xboxone","432"
"#dynastywarriors8empires","2"
"#microsoftpakistan","4"
"#horizon2","1"
"#courses","1"
"#merchants","7"
"#warsaw","4"
"#product","5"
"#surfacepro","13"
"#traveler","4"
"#energy","2"
"#quarterly","1"
"#hrukiev","4"
"#message","49"
"#supernodes","1"
"#europa","1"
"#amypurdy","1"
"#obama","4"
"#europe","22"
"#system","2"
"#xboxapp","1"
"#ouch","1"
"#yahoo;","1"
"#domore","1"
"#digitalcrimes","3"
"#whitelisted","5"
"#salesmen","1"
"#pubcenter","2"
"#internetexplorer","53"
"#trident","1"
"#nsinsights","1"
"#gamification","1"
"#projectmanagement","1"
"#oops","1"
"#angel","1"
"#tagsforlikes","1"
"#michael","1"
"#itcd","3"
"#disgusted","1"
"#itsmybirthday","1"
"#occupy","2"
"#ebay","241"
"#firstyear","1"
"#express","1"
"#loveit","2"
"#techland","1"
"#ccna","9"
"#techdays2015","5"
"#yahooindia","1"
"#iphone5sunlock","1"
"#ilt","1"
"#windowstablets","1"
"#upgrade","5"
"#microsoftcommercial","2"
"#ram","1"
"#thanks","4"
"#playstationgamer","2"
"#ccnp","1"
"#buteeq","1"
"#cloudproviders","1"
"#classic","6"
"#microsoftwindows","2"
"#terminator","1"
"#headfirst","1"
"#ee","3"
"#suberbowl","1"
"#beautifuldesign","1"
"#bsd","1"
"#giveback","1"
"#12s","3"
"#sparksnail","1"
"#810","1"
"#encfs","1"
"#gaps","1"
"#longlivepc","1"
"#nyc","3"
"#ea","3"
"#python","3"
"#rms","4"
"#victortrocino","1"
"#tlou","1"
"#ibmwatson","6"
"#tesla","3"
"#subscriberexperience","1"
"#html","7"
"#auto","2"
"#selmamovie","1"
"#xss","1"
"#worldhunger","2"
"#cloudevent","1"
"#symbian","1"
"#pistorius","1"
"#minecraftersonly","1"
"#lexus","2"
"#brandbrief","1"
"#ddwsu","1"
"#game","109"
"#child","1"
"#layoff","2"
"#page","1"
"#microformats","1"
"#datamining","2"
"#chill","1"
"#qatar","2"
"#skypecall","2"
"#computerworld","1"
"#investors","6"
"#hybridcloud","4"
"#transformingapac","7"
"#gwstartupday","1"
"#halo5guardians","1"
"#roundofrumors","1"
"#monorail","1"
"#mobileworking","2"
"#insanelysimple","2"
"#superbowl","450"
"#annoyingheres","5"
"#np","1"
"#sliverlight","6"
"#superbowi","20"
"#raspberry_pi_2","7"
"#proficiency","1"
"#singaporevines","1"
"#rooman","1"
"#stocksgoingup","1"
"#ribbon","4"
"#evangelist","1"
"#custom","3"
"#infosec","65"
"#ne","2"
"#startups","40"
"#seems","1"
"#teamcymru","1"
"#no","5"
"#comics","1"
"#att","6"
"#androidwear","4"
"#rubbish","1"
"#navy","1"
"#azuread","1"
"#vnext","2"
"#ssxlix","1"
"#proof","1"
"#maze","1"
"#oem","1"
"#maratonaquirinale","2"
"#smallbiz","1"
"#cve-2015-0016","1"
"#personalassistant","2"
"#cynagoen","1"
"#shortnotice","3"
"#melbourne","9"
"#cancerresearch","1"
"#gooddesign","1"
"#foodtrucks","1"
"#ffwd2015","3"
"#linkedin","25"
"#wtnm","1"
"#assimilated","1"
"#kindle","3"
"#nfl","29"
"#erichorvitz","4"
"#gamesnight","1"
"#nnott","1"
"#solutions","5"
"#visualstudioonline","1"
"#80gb","1"
"#disney","4"
"#distraction","1"
"#smmw15","1"
"#cleaning","1"
"#microtechx","7"
"#notacoincidence","34"
"#lumia940","1"
"#infounik","1"
"#atscript","1"
"#barcellona","2"
"#stole","1"
"#packedmyparka","1"
"#mozilla","8"
"#redzone","1"
"#core","4"
"#azrms","1"
"#iloveit","5"
"#widevinecdm","3"
"#isshecrazy","1"
"#superbowixlix","1"
"#blessedbygod","1"
"#qualitative","1"
"#officelover","1"
"#diversity","2"
"#mta","3"
"#amazon's","9"
"#weare12","1"
"#corp","1"
"#s&amp;h","1"
"#suites","5"
"#contest","2"
"#thunderbird","4"
"#deal","20"
"#battery","3"
"#telltalegames","2"
"#verizon","8"
"#enterprisemoblity","1"
"#bbcnews","3"
"#instagames","1"
"#b1g","1"
"#iosapps","6"
"#patchtuesday","8"
"#crc","1"
"#comptia","4"
"#rootmayer","1"
"#sicherheit","1"
"#lyft","1"
"#gui","1"
"#englishman","2"
"#ncrypt","1"
"#office365","264"
"#craft","1"
"#aapl","4"
"#latest","9"
"#take","4"
"#rest","1"
"#hightech","10"
"#azuresql","1"
"#brianvalentine","5"
"#mobilemarketing","1"
"#visualisation","1"
"#outlookemail","4"
"#ted","1"
"#mushroom","1"
"#next","1"
"#netflix","12"
"#exercises","1"
"#cynogenmod","1"
"#tutorial","3"
"#survival","5"
"#lebanon","1"
"#carmageddon","1"
"#amazonworkmail","2"
"#backtothefuture","4"
"#prince2","2"
"#withdrawal","1"
"#sketch","1"
"#sony","94"
"#superbowlcommercals","1"
"#metasploit","1"
"#videocatalog","1"
"#launch","7"
"#46","2"
"#sbc","3"
"#ocr","1"
"#superbowl.#microsoft","1"
"#ecommerce","6"
"#risetogreatness","1"
"#lumiaelite","1"
"#secretcinema","2"
"#bristol","1"
"#consumerpreview","4"
"#startmenu","26"
"#packagingpriorities","1"
"#wince","1"
"#emm","1"
"#adblockplus","20"
"#technologies","1"
"#hopes","1"
"#yeg","1"
"#giz","3"
"#binaryic","2"
"#mcs","2"
"#emc","2"
"#mct","2"
"#illuminati","1"
"#lumia830","22"
"#happybirthday","11"
"#azuremediaservices","1"
"#fulldisclosure","1"
"#trust","3"
"#just","1"
"#phones","3"
"#openhack2015","2"
"#allinone","2"
"#customers","1"
"#server","26"
"#smartsbi","1"
"#has","1"
"#appleinc","7"
"#photos","6"
"#neuralnetwork","20"
"#s4","2"
"#browser","78"
"#wetwednesday","1"
"#rival","1"
"#apachecordova","1"
"#university","1"
"#customerjourney","2"
"#actualizaciónwindows","1"
"#reality","5"
"#london","6"
"#futureofmobility","2"
"#continuum","1"
"#invention","2"
"#skypeforbusiness","1"
"#theverge","4"
"#crpd","1"
"#indiepub","1"
"#dx12","2"
"#egovernance","1"
"#welcometothefuture","1"
"#bill_gates","1"
"#organization","1"
"#emailclient","3"
"#freepron","1"
"#vancouver","19"
"#nba2k15","1"
"#right","3"
"#jaguar","1"
"#wishfulthinking","1"
"#serialization","1"
"#box","1"
"#kia","1"
"#offline","1"
"#motorola","4"
"#inspirationporn","2"
"#mspartner","11"
"#cracking","1"
"#microsoft#&gt;#nationwide","1"
"#devices","9"
"#spanish","7"
"#green","5"
"#ubuntu","9"
"#tablet","119"
"#virtualbuilding","1"
"#yahoo","54"
"#blazers","1"
"#grabit","38"
"#opera","1"
"#guidance","2"
"#personalcomputing","1"
"#snickers","1"
"#disneyland","1"
"#ukwide","1"
"#juni","1"
"#cellphones","8"
"#finally","1"
"#superbowiads","2"
"#fmcos","4"
"#entrepreneur","22"
"#smwbangalore","4"
"#googleadsense","2"
"#edapps","3"
"#vroom","1"
"#mediawelike","8"
"#creeper","1"
"#careeradvice","12"
"#light","4"
"#thriller","1"
"#keyboards","8"
"#geeknews","1"
"#windowsazure","4"
"#compucom","1"
"#oculusrift","19"
"#empleo","1"
"#gamerguy","1"
"#complaints","1"
"#back","3"
"#esurance","3"
"#ineedthatmansjohnhancock","1"
"#breaking","5"
"#practice","1"
"#playstationfanboy","2"
"#scom","6"
"#replicants","1"
"#nodaysoff","1"
"#healthcare","4"
"#amazonworkdocs","3"
"#ghanaian","1"
"#vestuarioenjuego","1"
"#seavsne","1"
"#acrobat","2"
"#createnusers","1"
"#โอเน็ตมอสาม","1"
"#vsphere6","1"
"#houston","3"
"#capitalization","1"
"#geps","4"
"#assistant","4"
"#requests","7"
"#webbrowser","2"
"#languages","22"
"#apexacoustics","1"
"#microsoftth","3"
"#nban","3"
"#g2a","1"
"#forefronttmg","1"
"#gurgaon","2"
"#sparta","1"
"#techcrunch","2"
"#dowjones","1"
"#tomb","1"
"#weareblind","1"
"#sapphire","1"
"#followers","1"
"#villager","1"
"#newenglandpatriots","4"
"#ict","13"
"#replacement","2"
"#play","1"
"#crazy","1"
"#lightbluebean","1"
"#google'","3"
"#topstory","2"
"#background","1"
"#nbc","3"
"#sha1","4"
"#webrtc","1"
"#cimicrosoft","28"
"#proud)","1"
"#nokia","159"
"#mobility;","2"
"#pstools","1"
"#grc","1"
"#billgates","160"
"#tqs","1"
"#amreading","1"
"#services","7"
"#ax","1"
"#softlayer","1"
"#benfolds","1"
"#cut","1"
"#happy","28"
"#glitch","1"
"#av","3"
"#howto","199"
"#at","2"
"#programmieren","1"
"#ai","119"
"#evolution","3"
"#an","5"
"#profit","2"
"#regret","1"
"#nuovo","1"
"#nokia310","1"
"#itam","1"
"#gdata","1"
"#ae","1"
"#freebies","7"
"#bizspark","5"
"#lync","47"
"#mangalyaan","1"
"#supremecourt","7"
"#pbx","5"
"#alltech","2"
"#success","2"
"#indiana","1"
"#trolls","1"
"#aliyas","2"
"#manchesternh","1"
"#ptschoolprobs","2"
"#لومیا","1"
"#googles","1"
"#dodge","13"
"#pwnedcastnews","1"
"#change","1"
"#expedia","3"
"#monicaenand","1"
"#ajax","3"
"#shropshire","1"
"#come","2"
"#doublethevalue","1"
"#lumiamclaren","1"
"#techwars","1"
"#complaint","1"
"#being","1"
"#powerseller","1"
"#geico","1"
"#appv","1"
"#securityissue","1"
"#apps","299"
"#customerexperience","1"
"#software_security","1"
"#mytechninjas","1"
"#coder","1"
"#codes","2"
"#skype50","1"
"#udemy","1"
"#step","2"
"#softwarerecovery","1"
"#heredrive","1"
"#brossard","1"
"#mashable","2"
"#datamanagement","3"
"#vkontakte","1"
"#verge","1"
"#concerttickets","2"
"#windows10forenterprise","3"
"#officefor#android","6"
"#microphone","3"
"#review","29"
"#windowsholographic","1"
"#rubegoldberg","1"
"#nigh","2"
"#trnh","1"
"#pepsimusicnow","1"
"#timcook","2"
"#420","1"
"#premier","1"
"#dallas","4"
"#websites","8"
"#bentley","1"
"#reston","6"
"#ws2003","7"
"#trends","1"
"#talend","1"
"#micro","1"
"#enpointe","1"
"#wordpress","3"
"#mylifeasasysadmin","1"
"#chinajanuary","1"
"#strongertogether","3"
"#worthless","1"
"#multiplatform","1"
"#seocanada","4"
"#windowsphone10","2"
"#made","1"
"#dubai","4"
"#gimmick","1"
"#sbcommercial","1"
"#gates","26"
"#nerdheaven","1"
"#sims","3"
"#analytics","57"
"#bing","68"
"#mspfe","1"
"#ripoff","1"
"#visualbasic","1"
"#dataprotectionday","2"
"#searchengines","2"
"#lumiabw","1"
"#havocdlc","1"
"#outlookv1","2"
"#ghadajreidi","1"
"#socool","2"
"#danika","1"
"#wearables","37"
"#blackduck","1"
"#likedaddy","1"
"#communicatingchanges","1"
"#andriod","3"
"#nospam","1"
"#focalpoint","1"
"#correction","1"
"#noticias","1"
"#ucpa","2"
"#link","1"
"#upgrades","2"
"#time","2"
"#rubikscube","2"
"#scotland","1"
"#typescript1.4","1"
"#nojoke","1"
"#winrt","1"
"#iitkanpur","1"
"#gamedevelopment","1"
"#mediadev","1"
"#vsalm","1"
"#staged","1"
"#wp's","1"
"#productive","1"
"#landscape","1"
"#magicleap","1"
"#dataviz","2"
"#ebayherewecome","1"
"#designinitiatives","2"
"#chevroletcolorado","1"
"#securitytube","1"
"#email","120"
"#training","50"
"#bizchat","1"
"#networking","10"
"#masterchief","1"
"#abouttime","1"
"#kimkardashian","2"
"#entreprise","1"
"#family","4"
"#instacat","2"
"#tracking","2"
"#usb","1"
"#smellyravers","1"
"#favoriteapps","6"
"#unblocked","1"
"#oldchapter","1"
"#snapchatforwindowsphone","1"
"#blindedbythelight","1"
"#cybercriminals","3"
"#digitalipercrescere","4"
"#iphoneunlock","1"
"#ebusiness","1"
"#autoanon","1"
"#eloandelo","1"
"#gamersunite","1"
"#traning","1"
"#markuspersson","2"
"##surfacehub","3"
"#cleartype","2"
"#survey","4"
"#lennux","1"
"#goodbye","1"
"#netmf","1"
"#infocybersec","7"
"#halo","25"
"#changingtechnology","1"
"#desktop","4"
"#digitbazar","1"
"#fastdata","2"
"#clr","1"
"#content","8"
"#highheals","1"
"#idiots","2"
"#cellenza","4"
"#winbuilder","2"
"#fighttheman","1"
"#kids","7"
"#pgatour","1"
"#7days","3"
"#gdread","1"
"#financial","2"
"#spectrum","1"
"#regina","1"
"#market","2"
"#fmradio","1"
"#itrtg","1"
"#accompli","2"
"#arrix","1"
"#psvita","4"
"#please","2"
"#imogi14","1"
"#anonymous","10"
"#zippednews","25"
"#appreciated","1"
"#outlookforandroid","1"
"#edtechchat","3"
"#microsoft-office","1"
"#projectspartan","9"
"#crm","75"
"#michaelgoughmicrosoft","1"
"#comicsans","1"
"#enterprise","63"
"#minecon","8"
"#hints","2"
"#agileit","2"
"#ridiculous","1"
"#shotonmylumia","5"
"#hrm","1"
"#pauladeanda","1"
"#technologythursday","1"
"#androiddownloads","3"
"#uae","2"
"#ipadpro","2"
"#fiat","2"
"#phone_calls","1"
"#tileart","13"
"#menggunakan","1"
"#crotchgrab","1"
"#thewitcher3","70"
"#administrator","2"
"#cloudsecurity","1"
"#computers","3023"
"#redhat","1"
"#strategy","14"
"#grandjunction","2"
"#bir","1"
"#hewlettpackard","1"
"#tetra","5"
"#jonahray","6"
"#sophos","1"
"#jpscsharepoint","4"
"#magento","4"
"#compete","3"
"#bible","1"
"#kinect","34"
"#manila","1"
"#minicomputer","4"
"#waldhoteldoldenhorn","1"
"#whowearsthepants","1"
"#videomarketing","1"
"#businesses","4"
"#snl","9"
"#microsoftsupport","1"
"#winbros","1"
"#figures","1"
"#loyalty","2"
"#cyanogen's","32"
"#mobileenterprise","1"
"#oreinodobemchegou","1"
"#project2013","1"
"#mustsee","1"
"#proprietary","2"
"#blogging","4"
"#4africa","1"
"#tivo","1"
"#intranet","1"
"#fortwayne","1"
"#infinity","1"
"#swoon","1"
"#deliverability","2"
"#smart","2"
"#some","2"
"#itpro","59"
"#turn10","1"
"#recycle","1"
"#stevekovach","12"
"#tryeikon","2"
"#onsaleitem","1"
"#identity","1"
"#windowsserver2012","1"
"#bristolgamesday","1"
"#microsoft.net","1"
"#windowsphon","1"
"#immedtech","1"
"#strava","2"
"#keithteare","1"
"#smokeware","1"
"#سناب_شات","5"
"#unlike","1"
"#sbdeca","8"
"#glcu","1"
"#gamerselfie","1"
"#florida","1"
"#announcement","4"
"#dropbox","536"
"#seattleseahawks","5"
"#workflow","6"
"#privacy,and","1"
"#applewatch","2"
"#webseries","1"
"#scrolls","3"
"#lumia532","28"
"#carrist","1"
"#amazonaws","2"
"#wewantsnapchat4windowsphone","5"
"#1337day","3"
"#location","1"
"#euroleague","1"
"#retailnews","1"
"#shelfie","4"
"#joke","4"
"#vocidallarete","1"
"#valuable","1"
"#ingujarat","1"
"#diy","1"
"#technion","12"
"#edition","1"
"#redmond","1"
"#technicalpreview","3"
"#superbowlads'","3"
"#microsoftlumia","4"
"#larryellison","2"
"#blue","3"
"#corporatecash","4"
"#ps4","55"
"#vcloud","1"
"#sanggul","1"
"#humpday","1"
"#leadership","2"
"#ps3","3"
"#branches'","2"
"#fix","8"
"#amazon","367"
"#watchdogs","1"
"#futuristic","1"
"#adidas","14"
"#like","2"
"#skype4b","11"
"#itlindia","1"
"#teamaminakenya","1"
"#chapter","4"
"#diamondsftw","1"
"#personal","1"
"#popschart","1"
"#realquestions","1"
"#face","3"
"#tripleplay","7"
"#preview","14"
"#comingsoon","1"
"#device","3"
"#jumpstart","1"
"#kermitthefrog","1"
"#odroid","3"
"#delhireboot","3"
"#xbox360","78"
"#psn","14"
"#organised","1"
"#ideal","1"
"#aapl)","1"
"#vso","1"
"#privilege","1"
"#windows10pro","1"
"#podcasts","2"
"#madness","1"
"#googleandroid","2"
"#based","1"
"#celebritynews","1"
"#valentineday2015","1"
"#hosting","3"
"#iamcpwit","1"
"#linuxrules","1"
"#458speciale","3"
"#hpstream","2"
"#bcsuperbowl","1"
"#feb1tofeb28","1"
"#throwbackthrusday","1"
"#mdm","3"
"#legacy","1"
"#undergone","3"
"#eskills","1"
"#windows10's","2"
"#retailers","1"
"#googleapps","3"
"#growthhacks","1"
"#forbes","4"
"#vs2013","3"
"#billionaire","2"
"#openness","1"
"#parallax","1"
"#good","3"
"#goog","3"
"#bellletstalk","1"
"#worksmarternotharder","1"
"#robot","3"
"#100percent","1"
"#studywise","1"
"#lifework","1"
"#but","2"
"#cannotcompileamap","1"
"#grad","1"
"#comparison","2"
"#xbox36","2"
"#microsoftceosatyanadellareutersmicrosoft","1"
"#bradsmith","1"
"#cem","1"
"#bluefriday","4"
"#ceo","8"
"#antivirus","1"
"#pressrelation","1"
"#test","2"
"#bug","2"
"#dotnet","57"
"#directx12","6"
"#operatingsystem","3"
"#figure","1"
"#softwareengineer","2"
"#glass","10"
"#failblog","1"
"#money","1"
"#xboxfanboy","2"
"#tech_news","13"
"#destiny","6"
"#mobilegames","13"
"#saeptapoll","6"
"#sandiego","7"
"#nascar","1"
"#rasperrypi2","3"
"#iddo","1"
"#techready20","6"
"#tip","1"
"#44","1"
"#pressure","1"
"#aspnet","9"
"#tgif","1"
"#officialtabletofthesuperbowl","1"
"#china","9"
"#click","1"
"#gamedev","14"
"#issues","2"
"#timessquare","1"
"#itpros","3"
"#devs","3"
"#research","10"
"#webwednesday","2"
"#microsoftmail","3"
"#litigation","3"
"#webdev","3"
"#w3c","1"
"#charge","3"
"#geekout2015","1"
"#raspberrypifoundation","3"
"#collectorsweekly","1"
"#outlook2003","1"
"#bsod","5"
"#sb2015","2"
"#install","1"
"#robotics","1"
"#ggsc2015","2"
"#competitors","1"
"#iton","8"
"#consumption","1"
"#awful","1"
"#edtech","32"
"#specialthanks","1"
"#rootsector","3"
"#itdirectors","2"
"#empire","1"
"#cambridge","1"
"#tablets","54"
"#virtualrealityheadset","1"
"#flawless","1"
"#email)","1"
"#msp","11"
"#revolutionanalytics","13"
"#oldrivals","1"
"#pinpoint","1"
"#bekasi","1"
"#560","2"
"#autism","1"
"#joyent","1"
"#kbfitness","2"
"#msn","4"
"#iam","2"
"#kidsmatter","1"
"#mrhorvitz","4"
"#awesomekids","1"
"#sitefinity","2"
"#458","1"
"#cedkurtz","1"
"#windows","1038"
"#sbcommercials","4"
"#xdatv","3"
"#freewindows","1"
"#makeinindia","1"
"#model","1"
"#gamelife","1"
"#webdevelopment","2"
"#css","1"
"#csr","2"
"#csp","3"
"#bestrated","1"
"#xboxonxb#midnightforces","1"
"#dontbeevil","3"
"#letdown","1"
"#visualstudio","20"
"#middleeast","1"
"#thewolf","1"
"#openmicrosoft","2"
"#frontier","1"
"#pdf's","1"
"#holographiccomputing","1"
"#rush","1"
"#guide","12"
"#galway","1"
"#badwednesday","1"
"#resources","45"
"#infrastructure","1"
"#freemium","6"
"#indonesia","1"
"#youtuber","4"
"#corporate","6"
"#windowselite","1"
"#talonstorage","1"
"#adobe","67"
"#autocharge","1"
"#itsm","1"
"#cyanogenos","1"
"#remote","4"
"#compatibiliy","1"
"#create1000usersinseconds","1"
"#interface","1"
"#uc&amp;c","1"
"#window8","1"
"#masterchiefhalo","1"
"#neuromarketing","1"
"#microsoftoutlook","27"
"#androiddev","1164"
"#airbnb","1"
"#ipad","59"
"#ssas","2"
"#soundhound","2"
"#wedding","1"
"#jeep","5"
"#sb49commercials","1"
"#focus","3"
"#webcamptvm","3"
"#plugin","1"
"#banks","1"
"#exclusive","3"
"##windows8","2"
"#bideveloper","1"
"#lollipop","2"
"#consoles","9"
"#chevy","7"
"#genuine","1"
"#company","125"
"#highrise","1"
"#betterworld","1"
"#tearjerker","1"
"#depressed","3"
"#nightlies","3"
"#satya","1"
"#biophilicdesign","1"
"#surface2pro","25"
"#holographic","53"
"#jmc3300","1"
"#msdynadv","9"
"#bingfans","1"
"#infographic","3"
"#open","3"
"#pos","1"
"#365challenge","1"
"#majong","1"
"#mundo","1"
"#listen","1"
"#mob","1"
"#consultant","3"
"#universalstore","1"
"#god","4"
"#aapkamanifesto","2"
"#godwin","3"
"#franchise","1"
"#insider","4"
"#sundance","1"
"#videoconferencing","4"
"#vctaskforce","1"
"#pricecut","5"
"#motociclismo","1"
"#learnkey's","1"
"#provide","2"
"#evgdagreat","1"
"#competition2bthebest","1"
"#missiontomars","1"
"#carnival","2"
"#assassinscreed","5"
"#reportedly","3"
"#amman","1"
"#dovecares","1"
"#yougov","1"
"#brandiq","1"
"#employment","2"
"#ferrari","4"
"#whitespaceinternet","2"
"#selfawaremachines","1"
"#microsoft.....the","2"
"#lumia1330","1"
"#course","1"
"#opportunities","2"
"#gramedia","1"
"#hololens","602"
"#tweak","1"
"#interfacett","6"
"#lyncday","4"
"#launchtwonewlumia","1"
"#game|life","1"
"#hackathon","5"
"#burgers","1"
"#trend","1"
"#richardsherman","1"
"#msdevgulf","1"
"#mvpbuzz","7"
"#newswindows","1"
"#interpol","1"
"#pepsi","2"
"#spam","2"
"#bohoclothing","1"
"#whersmybic","1"
"#fedora","1"
"#pro","4"
"#window10","2"
"#weloveyoujoe","2"
"#imap","1"
"#businessleader","1"
"#hacking","2"
"#conversations","1"
"#obamataxplan","4"
"#brings","3"
"#imac","2"
"#comedy","2"
"#fitbit","1"
"#windowsserver2003","6"
"#crescentbay","1"
"#bb10","1"
"#ehealth","5"
"#windowsphone8.1","1"
"#scarface","2"
"#qnhblogt","2"
"#mcdonalds","7"
"#lollipopupdate","1"
"#g.a.m.e","2"
"#watch","4"
"#snowday","4"
"#fobes","1"
"#toobad","1"
"#inewsphoto","1"
"#battlerot","9"
"#printing","1"
"#gamerzlounge","1"
"#informatea_es","1"
"#docker","6"
"#ios","539"
"#dailyittip","1"
"#iot","121"
"#xboxuk","9"
"#customerserviceisnohelp","1"
"#wtf","7"
"#college","47"
"#announcements","4"
"#outlookcom","2"
"#office365gough","1"
"#ws2012r2","1"
"#informationmanagement","1"
"#mod","4"
"#mof","1"
"#quote","1"
"#fedex","1"
"#mahjong","1"
"#point","1"
"#5nine","1"
"#pause","1"
"#wheee","2"
"#sydney","2"
"#previewfordevolopers","2"
"#casinolife","1"
"#malware","21"
"#mos","1"
"#surface_hub","1"
"#virtualizing","1"
"#geeky","1"
"#sqlserver2014","1"
"#windowsxp","8"
"#street","3"
"#render","2"
"#ecmday2015","5"
"#aapfundingscam","1"
"#michaelgough","7"
"#dimensiondata","1"
"#followfriday","1"
"#kolkata","1"
"#weknowwhattodo","1"
"#imagebot","1"
"#sanjuandedios","1"
"#api","7"
"#softwarecompany","1"
"#emails","1"
"#evolve","3"
"#mwc","2"
"#xb1","1"
"#film","2"
"#hd983","1"
"#speed","1"
"#tpntweetup","1"
"#i","1"
"#corporatediversity","1"
"#digile","1"
"#concerned","1"
"#secure","1"
"#xrebel","1"
"#swacchbharat","1"
"#gradprograms","1"
"#locktite","1"
"#mytechielife","2"
"#2","9"
"#1","6"
"#7","3"
"#windfarm","1"
"#4","5"
"#derelictionofduty","5"
"#whatcanwedo","1"
"#12th","1"
"#australia","1"
"#elance","908"
"#lanza","2"
"#talkshow","2"
"#journey","1"
"#cm","3"
"#c","1"
"#ci","2"
"#dockingstation","1"
"#allday","1"
"#mou","1"
"#daotaoit","1"
"#greed","1"
"#officesuite","1"
"#wearablewednesday","2"
"#cisco","19"
"#mcommerce","4"
"#service","20"
"#epicfail","1"
"#career","26"
"#windowsinsiders","6"
"#inboxbygmail","1"
"#budweiserpuppy","9"
"#fff2015","1"
"#startuplife","1"
"#godaddy","6"
"#a","4"
"#iphoneapps","7"
"#cloudservices","2"
"#f","1"
"#e","1"
"#wither","1"
"#teens","1"
"#livestream","1"
"#sbizhour","1"
"#cryptocurrencies","1"
"#copycats","1"
"#satyanadella","16"
"#venture","1"
"#r","34"
"#xbl","5"
"#navigator","1"
"#v","1"
"#saturdaymorning","1"
"#t","2"
"#3dtwitter","1"
"#qi","1"
"#concorde","2"
"#referral","1"
"#hongkong","2"
"#forzahorizon","3"
"#with","5"
"#mcafee","1"
"#microsoftlife","2"
"#spatial","1"
"#sportballs","1"
"#alotmorethan12ofthem","1"
"#microsoftlumia435","1"
"#form","1"
"#gen9","3"
"#ridicules","1"
"#prosthetics","1"
"#onenote","16"
"#4k","3"
"#googledocs","1"
"#ford","2"
"#from","2"
"#jokes","4"
"#hololones","1"
"#holodesk","2"
"#ventures","6"
"#microsoftismakingthingshappen","1"
"#heysuccess","1"
"#vienna","1"
"#jobs","97"
"#eetimes","1"
"#virus","21"
"#missy","2"
"#hadoop","4"
"#androidstartup","1"
"#upwardlymobile","4"
"#designforlife","1"
"#windows8tips","2"
"#exchange","36"
"#elgreco","1"
"#powerbi","70"
"#pedrams","1"
"#remote-editieren","1"
"#winserver","40"
"#grasindo","1"
"#outlook2015","1"
"#payments","1"
"#sharepointprojectserver2013","1"
"#women","1"
"#dystopian","3"
"#canyoubelieveit","1"
"#applecrap","1"
"#microsoftcrm","1"
"#vzla","1"
"#monetize","2"
"#digicost","1"
"#clouddevcamp","1"
"#faevo","1"
"#androidauto","1"
"#msignite","5"
"#androidwars","1"
"#xboxonwindows10","1"
"#idea","3"
"#unite","1"
"#pointsme","1"
"#genius","1"
"#bar","1"
"#weird","1"
"#error","1"
"#coxcable","1"
"#bryantgumbel","1"
"#lamborghini","1"
"#sne","1"
"#astronomy","1"
"#cba","1"
"#youthon","2"
"#erpsolution","3"
"#ft","1"
"#hitb","2"
"#ويندوز_فون","7"
"#web","21"
"#unity","6"
"#wef","20"
"#corpgov","9"
"#fake_microsoft","1"
"#perplexing","2"
"#loki","1"
"#huyton","1"
"#nextlockscreen","1"
"#cosmos","8"
"#kogi4gej","1"
"#strategie","3"
"#misnomer","1"
"#techandsociety","1"
"#watson","3"
"#laptop","12"
"#designtalent","1"
"#christian","1"
"#stevekovachs","2"
"#ss3","1"
"#flexbundles","2"
"#flexibleworking","1"
"#ss2015","2"
"#client","1"
"#pacman","1"
"#google","3231"
"#refurb","2"
"#caway","1"
"#infiniteloop","1"
"#users","4"
"#shiraovide","2"
"#gender","1"
"#legal","6"
"#minecon2015","1"
"#lacalleeslasalida","1"
"#geeks","1"
"#officeforandroid","10"
"#getjobs,#trendingjobs,#jobs#jobsinnewyork,#new","1"
"#miechat","1"
"#virtualreality","50"
"#vpld","2"
"#0764530879","1"
"#bf3","1"
"#thedigital","1"
"#bf4","1"
"#sounderhawksfc","1"
"#ghc14","1"
"#tweetmyjobs","12"
"#xboxoffline","1"
"#lumia735","3"
"#index","1"
"#lumia730","1"
"#skills","1"
"#développeur(se)","1"
"#photojadul","1"
"#vtimc","4"
"#delhielections","1"
"#sadsuperbowlcommercials","1"
"#luxuriousfinishes","1"
"#tutor","3"
"#droidnews","1"
"#ucc","1"
"#playing","1"
"#nofanboy","1"
"#windowsdevcenterbenefits","1"
"#legionofgeek","2"
"#ica11","2"
"#certification","4"
"#windows8.1","7"
"#solution","3"
"#twitter","21"
"#certified","1"
"#rewritetherules...just","1"
"#newgeneration","2"
"#reddit","17"
"#manufacturing","1"
"#microsoftoffice365","5"
"#343industries","2"
"#socialmedia","23"
"#brandplacement","1"
"#good_movie","1"
"#beijing","1"
"#hothardware","1"
"#paulallen","5"
"#nissandad","1"
"#cpd","1"
"#amazonin","3"
"#trivandrum","1"
"#decryptfs","1"
"#selfportrait","1"
"#challenges","2"
"#millennials","1"
"#dfs","1"
"#c#","8"
"#picturesquelockscreen","1"
"#sponsor","2"
"#fargo","2"
"#entertainment","2"
"#mcfchelp","1"
"#guinea","1"
"#actually","1"
"#one","2"
"#digitalsignage","1"
"#mkt444","1"
"#capcom","1"
"#deflategate","1"
"#soa","1"
"#salesdesk","1"
"#picturesquelock","1"
"#exploitation","1"
"#inatek","1"
"#mysteriousproject","1"
"#mvpcomcamp","22"
"#house","1"
"#hate","2"
"#thursdaytip","2"
"#html5","15"
"#windowsserver2012r2","9"
"#linux","33"
"#killerinstinct","2"
"#windows10technicalpreview","1"
"#cluster","2"
"#whiteboard","1"
"#omnifuel","1"
"#wmc","1"
"#teacher","1"
"#geekbulletin","1"
"#ceosurvey","1"
"#tampa","1"
"#amazon)","1"
"#wirelesscharger","1"
"#blueprint","1"
"#techyeah","1"
"#notcustomercentric","1"
"#nook","1"
"#programminglanguage","3"
"#msdyn","11"
"#partnership","2"
"#dis2015","9"
"#explorelearning","1"
"#digitalmarketing","1"
"#tweetni","3"
"#coke","1"
"#leicester","1"
"#ever","1"
"#ipads","4"
"#flowbee","1"
"#dinosaur","1"
"#spaceglasses","1"
"#finland","7"
"#tkg","1"
"#hawalaatmidnight","1"
"#bite","4"
"#finance","7"
"#nice","3"
"#counterterrorism","1"
"#adobeid","1"
"#designdevices","1"
"#import","1"
"#sao","1"
"#outsoursing","1"
"#secureafrica","1"
"#designdev","1"
"#lennox","1"
"#vendredi","1"
"#privacyrights","1"
"#explorer","2"
"#ieee","2"
"#webcsmptvm","1"
"#holyhashtag","1"
"#cloudstorage","2"
"#sap","12"
"#member","7"
"#cyanogenmod","85"
"#onenumber","3"
"#internship","2"
"#welcometomanilathevamps","1"
"#sharepointserver2016","5"
"#connectventures","2"
"#solarpanel","3"
"#openbar","1"
"#targets","1"
"#commericals","4"
"#automation","6"
"#dell","21"
"#snubbed","1"
"#ibm","47"
"##c#","7"
"#juneau","1"
"#opensource","60"
"#dancer","2"
"#twr","3"
"#svgives","2"
"#bargain","8"
"#strategy,why","1"
"#thankyou","2"
"#pi","13"
"#pk","2"
"#fontnerd","1"
"#nodejs","9"
"#musk","1"
"#foss","5"
"#durasi","1"
"#wp81","5"
"#emotional","2"
"#microsoft-ownd","1"
"#afro","2"
"#note4","3"
"#noida","4"
"#comercial","1"
"#nutanix","11"
"#technologynews","7"
"#regionaldirector","5"
"#wii","1"
"#pr","2"
"#dmiireland","1"
"#pt","1"
"#subscriptions","1"
"#flac","1"
"#sb49smchat","3"
"#msexchange","11"
"#mcdonaldsproblems","1"
"#enterprise)","1"
"#dreambig","3"
"#nightmares","2"
"#mobilephone","1"
"#typescript","1"
"#webstagram","1"
"#windows_phone8","1"
"#superintelligence","1"
"#webdevcamp","1"
"#hollolens","36"
"#flight","1"
"#defleppard","1"
"#cnn","1"
"#houseof24","3"
"#reactor","3"
"#mooshroom","1"
"#databaseadministration","1"
"#domoredk","1"
"#gamers","7"
"#obamacare","1"
"#rstats","16"
"#msftpartner","7"
"#squarespace","3"
"#apple-friendly","1"
"#windowsserver10","1"
"#microsoftventures","4"
"#fast","1"
"#revenue","2"
"#1d4b","1"
"#friends","15"
"#ipo","1"
"#teched","1"
"#gwbg","1"
"#unleashingit","12"
"#interviewtips","4"
"#capterra","2"
"#actsci","9"
"#kickasstorrents","2"
"#ccu","1"
"#selma","1"
"#dixuslink","2"
"#convention","1"
"#imperfections","1"
"#windowshive","1"
"#davincichallenge","1"
"#scanner","1"
"#doritos","2"
"#eduit","1"
"#kipi","1"
"#p2p","1"
"#architectures","1"
"#edchat","5"
"#altadisponibilidad","2"
"#axug","2"
"#vspex","2"
"#net","17"
"#mlearning","2"
"#console","3"
"#new","44"
"#nowhiteflags","1"
"#nes","2"
"#liamnisson","1"
"#impatient","2"
"#bankofamerica","5"
"#cyprus","1"
"#338)","3"
"#store","6"
"#thenewmicrosoft","3"
"#gmail-","1"
"#brilliantbus","3"
"#bincangsore","1"
"#powerful","1"
"#nec","2"
"#heroin","1"
"#conanobrian","1"
"#repost","1"
"#callofduty","7"
"#mesa","1"
"#presentation","5"
"#vlcbetaforwindowsphone","3"
"#windowsvsmac","1"
"#full","2"
"#chips","1"
"#aria","1"
"#fashion","1"
"#ciscoucs","4"
"#humanrace","2"
"#b2bhour","1"
"#sharing","1"
"#amazonsale","2"
"#products","2"
"#systems","2"
"#xperiaz4","1"
"#bt","2"
"#room","1"
"#ikon","1"
"#365","3"
"#cincinnati","1"
"#netscape","1"
"#360","4"
"#nokiaconference","1"
"#abilene","1"
"#fun","10"
"#acompli-based","1"
"#snapchat","59"
"#hotmail","8"
"#make","1"
"#officeipad","12"
"#efss","1"
"#msoffice2016","1"
"#joebelfiore","4"
"#tiesto","20"
"#pro4","1"
"#ces2015","22"
"#teck","2"
"#tech","396"
"#onewindows","1"
"#angryneeson52","1"
"#itil","4"
"#dynamicsnav","2"
"#escape","3"
"#formulas","1"
"#three","1"
"#kleenex","1"
"#courage","4"
"#rogue","3"
"#peggle","1"
"#iphoneunlockservice.co.uk","1"
"#winphan","13"
"#apptimestv","1"
"#react","1"
"#aftermarket","2"
"#dontknowwhattoexpect","1"
"#smartphones","16"
"#swift","1"
"#cbs","1"
"#octopus","1"
"#satyanadellanadella","1"
"#surfacehub","47"
"#marshallbusiness","2"
"#tr20","2"
"#nokialumia730","1"
"#oxygenos","1"
"#biz","9"
"#vsphere","79"
"#welcometweet","1"
"#why","5"
"#sunnyp","1"
"#nirvana","1"
"#jeux","1"
"#xboxgame","2"
"#dev","19"
"#betaupdate","1"
"#microsoftsucks","1"
"#ama","7"
"#big","4"
"#openserversummit","1"
"#amd","4"
"#patents","5"
"#abracadabra","1"
"#robertkraft","3"
"#msftconvergence","1"
"#navigation","1"
"#zetaphibeta","1"
"#sleepingtapes","1"
"#mp3player","1"
"#cimiscrosoft","1"
"#erichoveric","2"
"#zero-day","1"
"#soldes","9"
"#spazioitech","1"
"#shell","2"
"#sarcasm","1"
"#switchonderwijs","2"
"#innov","1"
"#pixelworld","1"
"#getting","3"
"#medicine","2"
"#ultimasemana","1"
"#github","4"
"#technologie","1"
"#vulnerabilities","1"
"#remove","1"
"#grunge","1"
"#brandbowl","28"
"#senior","3"
"#bose","1"
"#genome","1"
"#cortana","158"
"#cloud_computing","1"
"#windowsvista","3"
"#unified","1"
"#yammer","31"
"#musicplayer","1"
"#fossbytes","2"
"#cbd","1"
"#microsoftband","15"
"#flashplayer","1"
"#fight","3"
"#webinars","1"
"#whatsapp","4"
"#keyt","1"
"#adobe's","6"
"#earnings","6"
"#moodle","3"
"#want","1"
"#churchacoustics","1"
"#nextbigthing","1"
"#delete","1"
"#eim","1"
"#reveals","1"
"#skynet","4"
"#gp2013","1"
"#chief","1"
"#onlinecourses","1"
"#smbs","2"
"#goodread","1"
"#flowerhouse","6"
"#windowsintune","1"
"#endv","1"
"#embeds","2"
"#pig","2"
"#operamini","1"
"#microsoftheadsetforxbox360","1"
"#nrgpark","1"
"#pharma","4"
"#totallymakessense","34"
"#nationalartsstandards","1"
"#android-based","1"
"#philippines","1"
"#says","2"
"#devpreview","1"
"#techadvisortips","1"
"#bm2836","1"
"#map","1"
"#brianmundial","1"
"#repeat","1"
"#empoweringstories","1"
"#really","1"
"#nokia130","4"
"#playstation4","2"
"#hukd","4"
"#techdays;","3"
"#macos","5"
"#halo5beta","2"
"#coding","1200"
"#dogmat","1"
"#justsayin","2"
"#microsoftprototype","3"
"#spoiled","1"
"#aisplstore","1"
"#beer","3"
"#xiaomi","5"
"#trill","13"
"#trademark","2"
"#sougofollow","127"
"#rollsout","1"
"#phone","44"
"#wordprocessor","10"
"#windowscentral","1"
"#maturity","1"
"#lumia1020","5"
"#interop","1"
"#wiiu","14"
"#likeaboy","1"
"#arfakareem","11"
"#ergonomic","7"
"#bitcoinconf","1"
"#lock","3"
"#bangalore","3"
"#french","1"
"#lumia822","2"
"#jackma","1"
"#element14","1"
"#adclubucfwatchparty","2"
"#extensions","1"
"#microsoftnews","3"
"#namco","1"
"#lumiadenim","19"
"#planner","1"
"#braylon","3"
"#proves","1"
"#great","1"
"#techbully","1"
"#awkward","2"
"#lockscreen","25"
"#gamingbooks","1"
"#xboxliveproblems","1"
"#csharp7","5"
"#plan","1"
"#preorder","1"
"#sysadmin","6"
"#o365","12"
"#dataprivacyday","12"
"#rilascia","1"
"#lumia930","15"
"#ppc","2"
"#pixel","1"
"#nieuws","3"
"#sbxlix","6"
"#feautres","1"
"#aspdotnet","2"
"#storsimple","1"
"#uber","2"
"#xboxlive","99"
"#fostercity","1"
"#global","3"
"#rds","2"
"#january)","25"
"#notmycurrent","1"
"#winserv","8"
"#meetings","36"
"#gchq","1"
"#punished","1"
"#nature","1"
"#pushie","2"
"#modernbusiness","2"
"#fifa15","2"
"#cube","4"
"#points","2"
"#inboxzero","1"
"#oulu","4"
"#ferriswheel","2"
"#katana","1"
"#bestbuds","2"
"#sla","1"
"#12th(wo)man","1"
"#super","6"
"#mil","1"
"#mic","1"
"#navyseal","1"
"#mia","1"
"#fiatusa","2"
"#ethosnz","2"
"#microsoftdata","1"
"#enterprisecomputing","1"
"#pita","1"
"#marinabaysands","1"
"#indvseng","2"
"#digital","16"
"#worker","1"
"#js","4"
"#microsoftfundingcyanogen","1"
"#sethrogan","1"
"#start-up","1"
"#intune","1"
"#aspdotnet5","1"
"#psdsc","3"
"#valley","1"
"#3typen","1"
"#pressing","3"
"#l535","1"
"#videos","1"
"#eu","1"
"#professional","4"
"#coaching","29"
"#mailapp","1"
"#ofizi","1"
"#thatawkwardmoment","1"
"#desarrollo","1"
"#puppy","1"
"#ar","9"
"#surfacert","1"
"#storagezones","1"
"#sunset","1"
"#ef","1"
"#gtav","5"
"#drawing","1"
"#cockring","1"
"#babysleeping","1"
"#fine","1"
"#eyeo","1"
"#vmware","95"
"#msnbcnews","1"
"#empowerment","6"
"#mum","2"
"#lisaeadiciccosincesatyanadella","1"
"#microsoftazure","6"
"#gamespot","1"
"#windows10","1239"
"#kattun","1"
"#10413","1"
"#idarb","26"
"#valentinedayapp","1"
"#mktg225","2"
"#teachthem","1"
"#greenpower","1"
"#2in1","1"
"#earth","1"
"#entrepreneurs","1"
"#geargadgets","1"
"#adblock","53"
"#minigames","2"
"#patent","1"
"#quebec","1"
"#commercials","19"
"#huawei","2"
"#appmigration","1"
"#gratis","1"
"#window","2"
"#sharepointonline","1"
"#giftfromchina","1"
"#s3","1"
"#vista10","1"
"#tear","1"
"#developer","32"
"#done","3"
"#apple4ever","1"
"#mssociety","1"
"#halo4","2"
"#bitby8bit","1"
"#price","7"
"#tvm","1"
"#al","1"
"#health","5"
"#gloshour","1"
"#xbox_one","2"
"#baysidea","1"
"#surfacepro4","4"
"#surfacepro3","2492"
"#surfacepro2","48"
"#cybersecurity","72"
"#campaignmonitor","1"
"#internet","30"
"#lifewellplanned","1"
"#vision","7"
"#hack","9"
"#ccwsp15","1"
"#viber","1"
"#sg","1"
"#sf","1"
"#basics","1"
"#sc","7"
"#sb","1"
"#school","25"
"#stonewall","1"
"#analytics'","3"
"#line","3"
"#microfail","1"
"#discovering","1"
"#performance","1"
"#casestudy","2"
"#internetofthings","8"
"#postpcera","1"
"#ad","4"
"#codaw","3"
"#glowscot","1"
"#sr","1"
"#auction","6"
"#talk","3"
"#jolla","15"
"#freepen","2"
"#engadget","3"
"#mobilestrategy","3"
"#admins","2"
"#smoking","1"
"#zeroaccess","1"
"#pctechmagazine","2"
"#windowsmobile","5"
"#ioe","1"
"#curiosity's","1"
"#lolesports","1"
"#xnews","38"
"#bellevuefoodtrucks","2"
"#office2013","4"
"#skeleton","1"
"#grovertech","1"
"#makingadifference","1"
"#indianapolis","3"
"#words","1"
"#report","2"
"#androidpit","2"
"#asadnoman","1"
"#interesting","1"
"#more","3"
"#changecanbeawesome","1"
"#tells","1"
"#phoneinsider","1"
"#agameaday","1"
"#dontstopbelieving","2"
"#corel","1"
"#newzcafe","2"
"#build9926","3"
"#beatsbydre","2"
"#microsoft","29213"
"#mitel","1"
"#googleearth","1"
"#commercialcommentary","1"
"#gold","1"
"#schindler","1"
"#virtualsushi","1"
"#blueprints","5"
"#raspberrypi2","63"
"#univa","1"
"#winning","4"
"#synergyresearchgroupsynergy","1"
"#|","5"
"#amex","3"
"#ufc","1"
"#bankingtechnology","2"
"#beauty","1"
"#godblessamerica","1"
"#msacces","1"
"#futurechat","1"
"#android","1340"
"#brand","2"
"#scrollsgame","1"
"#elderscrollsonline","1"
"#planning","1"
"#prairie","1"
"#butthole","1"
"#positiveimage","3"
"#holodeck","3"
"#surfaceresolutions","2"
"#sync3","1"
"#axiom","1"
"#mobileapp","3"
"#syriarebels","1"
"#rebrands","2"
"#inspiring","4"
"#officeassistant","5"
"#knightcon","2"
"#partlycloudyandsagittarius","1"
"#teamapple","1"
"#demise","1"
"#cyanogen","416"
"#windows_phone","6"
"#googleplaystore","5"
"#apt","1"
"#johnnydepp","1"
"#libreoffice","2"
"#app","178"
"#retail","9"
"#ibibatv","1"
"#tdri","1"
"#superbowl49","30"
"#videogames","35"
"#r10","1"
"#stocks","5"
"#proudtoteach","1"
"#apk","8"
"#rmg","1"
"#appnotsecure","1"
"#camry","3"
"#serial","1"
"#bootstrap","1"
"#5unis","1"
"#forzahorizon2","6"
"#labour","22"
"#488gtb","1"
"#hits","1"
"#nasa","16"
"#ultimate","1"
"#textblade","1"
"#info","18"
"#fastfacts","4"
"#announce","1"
"#handson","2"
"#intrapreneur","1"
"#teleepoch","1"
"#cghsdeca","1"
"#cod2015","1"
"#ntfs","1"
"#tableau's","2"
"#sorry","2"
"#goodjob","1"
"#lumia638","1"
"#bofa","14"
"#startscreen","14"
"#and","10"
"#ukraine","1"
"#ترنجی","3"
"#liverpool","1"
"#modi","1"
"#beta","4"
"#navision","1"
"#information","9"
"#fsecure","1"
"#graduate","1"
"#novell","2"
"#travel","1"
"#sql","45"
"#instafollow","2"
"#overtook","1"
"#culture","2"
"#icloud","4"
"#ftw","1"
"#sb44","1"
"#yahoomail","1"
"#paid","2"
"#bengaluru","10"
"#superbowlcommercials....i've","1"
"#wit","1"
"#1414--black","1"
"#anglrcard","2"
"#w8.1","1"
"#descartes","1"
"#advertisements","2"
"##superbowlxlix","1"
"#statefarm","1"
"#bits","1"
"#win","8"
"#ilovemyjob","2"
"#lumiacommunicator","1"
"#artlogdigi","1"
"#unily","1"
"#1520","1"
"#machinelearning","28"
"#encryption","3"
"#nintendo3ds","1"
"#thelostlords","2"
"#sme","1"
"#final","1"
"#sma","1"
"#introduction","19"
"#smb","15"
"#midnightforces","1"
"#win8","15"
"#holo","7"
"#eventtechnology","2"
"#sqlsataustin","1"
"#sappysuperbowl","1"
"#snapchat's","1"
"#makeithappy","5"
"#hard","9"
"#arizona","2"
"#sass","1"
"#itnews","18"
"#dt903","2"
"#esahora31e","1"
"#futureofwork","28"
"#portland","11"
"#usury","1"
"#onedaysale","3"
"#techtalk","1"
"#resume","2"
"#plo8monster","1"
"#interactive","1"
"#downloads","1"
"#paint","1"
"#pearljam","1"
"#italy,from","1"
"#fileconversion","1"
"#lead","1"
"#jobsearch","1"
"#minecraftserver","1"
"#pedo","1"
"#disrupt","4"
"#notfunnybutawesome","1"
"#designdirection","2"
"#oaoa","1"
"#harshblow","1"
"#mattmira","6"
"#india","42"
"#hipstershitlords","1"
"#depressionbowl","1"
"#using","1"
"#microsoft...that","1"
"#techculture","1"
"#مايكروسوفت","7"
"#ggprtechs","1"
"#cdrom","13"
"#picsart","1"
"#squaready","1"
"#csharp.net","1"
"#streaming","3"
"####","4"
"#canada","6"
"#instahottie","1"
"#microsoftscam","1"
"#tweetgoodmusic","1"
"#testlab","1"
"#maxus","1"
"#skid","1"
"#gbi","1"
"#symbols","2"
"#motolife","1"
"#analysis","3"
"#showbiz","1"
"#ebayus","1"
"#cheap","8"
"#troubleshooting","1"
"#iisexpress","1"
"#readyfortheconference","1"
"#gopro","1"
"#online","17"
"#ukhousing","3"
"#ocsb","5"
"#machines","2"
"#latesttech","2"
"#lumiaphotography","1"
"#doom","2"
"#secondshot","1"
"#superdealbowl","3"
"#davidsacks","2"
"#community","6"
"#offer","3"
"#microsoftsurface","4"
"#dotmidi","2"
"#clippy","6"
"#occuetechfest","1"
"#نوكيا","5"
"#wpbf25","1"
"#hawking)","1"
"#walmart","3"
"#rp","1"
"#trendmi","1"
"#343studios","1"
"#rt","9"
"#louadbowl","6"
"#microsoftpress","1"
"#newsintweetsindia","1"
"#exploration","1"
"#charging","2"
"#houseofwhatever","1"
"#etisalat","1"
"#praesignis","2"
"#artschool","2"
"#stevenburke","6"
"#phish","1"
"#0day","2"
"#chstech","1"
"#nokialumia","2"
"#agencies","1"
"#lonely","1"
"#investing","13"
"#giveaway","3"
"#vmin","2"
"#lumiaart","1"
"#interestingread","1"
"#firewalls","3"
"#cloudtalk","22"
"#iphones","2"
"#socialselling","2"
"#recentlychine","1"
"#snowden","3"
"#sucks","1"
"#sweden","3"
"#macosx","5"
"#katyperrysuperbowl","1"
"#marketer","2"
"#pwd","1"
"#sortitout","1"
"#orcs","1"
"#ssrs","1"
"#microsoft.#tech","6"
"#thatswhatshesaidonzst","1"
"#patriots","12"
"#4afrika","1"
"#pissed","1"
"#memory","1"
"#warrenbuffet","1"
"#protoss","3"
"#gulp","1"
"#rockstar","2"
"#ignorance","1"
"#telcos","10"
"#thumbsup","2"
"#oceania","4"
"#theendisnear","1"
"#tbnhtheseries","1"
"#stlouis","7"
"#uksearchconf","3"
"#officeeverywhere","1"
"#await","1"
"#adsense","2"
"#ise2015","4"
"#microsofthololens","13"
"#wms","1"
"#scammers","3"
"#happyday","1"
"#predictiveanalytics","4"
"#computervision","2"
"#holotweet","1"
"#androidtablet","1"
"#lumia","408"
"#engage","1"
"#bagile","23"
"#freesoftwares","1"
"#cat","2"
"#fan","1"
"#chesstelecom","2"
"#nerdherd","1"
"#oneday","1"
"#updates","9"
"#office365exchange","1"
"#bingmaps","1"
"#teamchitown","1"
"#can","1"
"#fax","2"
"#cashcow","1"
"#chicity","1"
"#supportisjustaclickaway","2"
"#cyberattacks","1"
"#berkshirehathaway,4instancebuilding$1.9billion","1"
"#caf","1"
"#gigaom","1"
"#changetheworld","1"
"#girlgamer","1"
"#startup#investment#bizitalk#entrepreneur#samsung","1"
"#devdesign","4"
"#adobereader","1"
"#livinginthepast","1"
"#p2nation","2"
"#rolfewinkler","2"
"#cheltenhamhour","1"
"#determinism","1"
"#mashandco","6"
"#bluescreen","1"
"#datawarehouse","1"
"#bigdata","96"
"#ucwv321","2"
"#all","2"
"#blog","23"
"#aap","1"
"#largest","1"
"#kimdotcom","1"
"#alm","6"
"#kraft","1"
"#microsoftmemes","2"
"#inanairport","1"
"#royals","1"
"#companies","47"
"#dc","2"
"#lossaversion","1"
"#dm","2"
"#goldenglobes","1"
"#fieldgates","5"
"#justiceyoung21","1"
"#dj","1"
"#arrive","2"
"#outlookapp","27"
"#techfacts","23"
"#polywell","3"
"#343","5"
"#denim.@lumiaindia","1"
"#experience","2"
"#nigelfrank","1"
"#baltimore","1"
"#messaging","1"
"#thegatesfoundation","1"
"#microsoftstore.com","1"
"#slenderman","1"
"#sd","1"
"#universalapp","5"
"#mobileux","3"
"#conspiracy","1"
"#raspberry","35"
"#facebook","73"
"#homes","1"
"#microsuck","1"
"#arstechnica","1"
"#ipayyoutoomuch","1"
"#b2bmarketing","2"
"#digitalindia","9"
"#3dimagery","1"
"#cloud","601"
"#pet","1"
"#advertising","9"
"#headsupdisplay","1"
"#launches","5"
"#entourage","1"
"#hub","1"
"#carlzeiss","1"
"#candles","1"
"#putting","2"
"#xbone","5"
"#daddy","1"
"#aop","1"
"#idiot","1"
"#sod","1"
"#commom","1"
"#mcgtech","2"
"#common","37"
"#suck","4"
"#homescreens","1"
"#yam","4"
"#hungary","1"
"#budinessintelligence","4"
"#mscert","1"
"#currency","1"
"#cow","1"
"#smallbusiness","5"
"#humansofnewyork","1"
"#webdesign","5"
"#ohtheirony","1"
"#stevejobs","7"
"#techlyfe","1"
"#mentorship","2"
"#macbookair","1"
"#abouttonight","1"
"#cod","3"
"#leosun","1"
"#extremecrm","2"
"#miami","1"
"#shareacrunch","1"
"#revolution","6"
"#risk","2"
"#electronic","1"
"#chocolatey","1"
"#touchdown","1"
"#wb","1"
"#hpmobileconnect","2"
"#classroom","1"
"#ninerempire","1"
"#lost","3"
"#associate","6"
"#microsoft's","477"
"#mobiledevices","4"
"#advancedwarfare","5"
"#dash","1"
"#webapps","3"
"#thatswhatsup","1"
"#photoshop","2"
"#virusrai2","1"
"#seo-friendly","2"
"#tmg","1"
"#cmkview","2"
"#sneaky","1"
"#alaskaairlines","1"
"#salestips","1"
"#prophecy","1"
"#adobeproducts","1"
"#thewallstreetjournal","1"
"#picturesque","24"
"#goseattle","1"
"#artificalintelligence","1"
"#innovative","1"
"#approcks","1"
"#you","1"
"#kickstarter","4"
"#byb","2"
"#lightningdeal","2"
"#smartphone","20"
"#list","2"
"#query","1"
"#trojan","1"
"#class","1"
"#lifehacker","3"
"#supperbowl","1"
"#action","2"
"#wd","1"
"#lg","3"
"#cloudatyourpace","6"
"#internetofanything","6"
"#papol","1"
"#jslink","1"
"#vdi","4"
"#techcoach","1"
"#techstars","1"
"#outlock","18"
"#kccm","1"
"#personalizedproductselling","1"
"#radio","6"
"#cm12","3"
"#noprogress","1"
"#interneteconomy","1"
"#recruiting","20"
"#kpop","2"
"#january30","1"
"#singapore","1"
"#techjobs","1"
"#designpatterns","15"
"#chsnews","1"
"#vendors","2"
"#trading","2"
"#the","7"
"#outofsync","1"
"#reach","1"
"#reuters","1"
"#gtaonline","2"
"#wielrennen","1"
"#sway","38"
"#photo","4"
"#microsoft-sql","7"
"#kelway","1"
"#sb50","3"
"#soulcalibur","1"
"#littlecaesars","1"
"#iamcp","3"
"#machine","2"
"#webform","1"
"#visual","1"
"#wtfisthis","1"
"#podcast","5"
"#salary","1"
"#jimalkove","2"
"#ortc","1"
"#zongers","2"
"#windows10'","1"
"#androidapps","20"
"#perks","1"
"#readwithme","2"
"#ensw","15"
"#2fa","2"
"#earlydays","2"
"#systemcenter","10"
"#tahmin","1"
"#huddle","26"
"#kiss","2"
"#intercol","1"
"#patented","1"
"#cloud-computing","2"
"#nasdaq","9"
"#constitution","1"
"#newtoy","1"
"#windowsphoneapp","2"
"#webdedesign","1"
"#afghanistan","1"
"#hiphop","2"
"#powerpoint","38"
"#snappy","1"
"#unveilsacompli","1"
"#avtweeps","2"
"#8.1","1"
"#courageous","1"
"#microsofttechdays","1"
"#maths","1"
"#boringtweet","1"
"#easybranches","1"
"#thedetonators","1"
"#invests","1"
"#sprint","2"
"#skywars","1"
"#mobile2016","2"
"#coffeecozy","1"
"#tunisia","3"
"#xbox1","4"
"#phoenixopen","1"
"#skype","34"
"#eye","1"
"#android-forking","5"
"#adventure","3"
"#happyblackhistorymonth","1"
"#techbargains","4"
"#facts","1"
"#application","3"
"#bonfire","1"
"#suckit","1"
"#sirmixalot","1"
"#excel2013","1"
"#vegasbabyvegas","20"
"#businessmodel","1"
"#sogeti","5"
"#rumors","7"
"#hashtag","4"
"#empoweringusall","2"
"#star","1"
"#marketshare","6"
"#google's","4"
"#reinvestment","2"
"#microsoft.good","1"
"#autodesk","1"
"#kent137","1"
"#canada's","1"
"#freeclasses","2"
"#ide","5"
"#devicesizes","1"
"#access","23"
"#budweiser","15"
"#engineer","14"
"#task","1"
"#growthhacking","2"
"#prostheticleg","1"
"#feature","1"
"#patch","1"
"#digitalimage","1"
"#1337","1"
"#streetjournalmicrosoft","3"
"#minecraft","586"
"#progresssw","3"
"#osg","1"
"#lookup","1"
"#custserv","1"
"#notbuyingit","2"
"#boeing","6"
"#reader","10"
"#readit","1"
"#budget2015","1"
"#piracy","1"
"#xboxmusic","7"
"#mobiles","1"
"#wifi","2"
"#sekedarberita","1"
"#oss","2"
"#million","3"
"#nederland","1"
"#windows_update","1"
"#home","7"
"#jump","1"
"#ps4hereicome","1"
"#at&amp;t","1"
"#osx","22"
"#لومیا۵۳۵","1"
"#nola","2"
"#gohawks","25"
"#berlin","2"
"#newgirl","1"
"#borntolearn","2"
"#ambigram","1"
"#doidedcomics","1"
"#cynogen","3"
"#microsoft_word","1"
"#msintern","1"
"#uncategorized","10"
"#finallydoingitright","1"
"#backend","1"
"#outlookforios","14"
"#eat","1"
"#language","4"
"#italian","3"
"#cal","3"
"#memes","3"
"#microsoft'soffice","1"
"#southafrica","1"
"#typea","1"
"#hands","2"
"#oregon","1"
"#emailapps","1"
"#ge","4"
"#chase","1"
"#laplagne","2"
"#raisingthebar","1"
"#uva","3"
"#didyouknow","3"
"#gp","11"
"#bestpractices","25"
"#noesmala","1"
"#ie6","1"
"#rapmagparis","1"
"#shame","1"
"#stephenhawking","6"
"#rtbuk","1"
"#digimedia","1"
"#enews","1"
"#cover","2"
"#toolkit","1"
"#hr","5"
"#backup","5"
"#pdf","20"
"#prism","3"
"#edinburgh","2"
"#modelling","1"
"#collegefession","4"
"#happybirthdayarfakarim","7"
"#atlanta","3"
"#speciale","3"
"#hiring","19"
"#fpaasia","2"
"#buds","2"
"#monsterenergie","1"
"#halomcc","2"
"#developingworld","1"
"#microsoftcorp","1"
"#seattlepride","2"
"#database","2"
"#philly","2"
"#stable","1"
"#psexec","1"
"#windows7enterprise","2"
"#happiness","1"
"#techgoddess13","1"
"#amazing","4"
"#bball","1"
"#raspberrymagazine","1"
"#answer","2"
"#sega","1"
"#thebest","1"
"#microsftoutlook","2"
"#vulnalerts","1"
"#youcandoit","1"
"#titannfall","1"
"#marsone","2"
"#ireland","1"
"#virgin","1"
"#gadget","4"
"#scunthorpe","1"
"#advice","12"
"#xbox","606"
"#currentsources","1"
"#event","7"
"#packetstorm","1"
"#ux","22"
"#mosanto","3"
"#20412","1"
"#70-417","1"
"#officeonline","1"
"#uc","6"
"#gough","1"
"#intel","15"
"#windows2012","1"
"#salaries","1"
"#nextatech","1"
"#uk","7"
"#ui","12"
"#lynconline","1"
"#minds","1"
"#codeproject)","1"
"#changinglives","2"
"#january21microsoftevent","1"
"#roslyn","1"
"#microsoftbillgates","1"
"#win10","31"
"#lotr","1"
"#biggame","2"
"#java","6"
"#minecrftserver","1"
"#thegamestheyplay","1"
"#chicago","27"
"#vgm","1"
"#intelligence","11"
"#palermo","1"
"#teacozy","1"
"#configmgr","11"
"#tales","4"
"#troywolverton","2"
"#bulksms","1"
"#build","3"
"#bp","1"
"#nerdsnightout","1"
"#makeithappen","5"
"#googlevsmicrosoft","1"
"#sourcekioskea","1"
"#a11y","3"
"#fanatismo","1"
"#freaks","1"
"#ie","62"
"#ciso","5"
"#multiplecurrencies","1"
"#distinction","1"
"#in","16"
"#im","4"
"#is","8"
"#adnetworksolutions","1"
"#ip","3"
"#english","16"
"#it","82"
"#scalebound","1"
"#adbowl","19"
"#datasecurity","1"
"#4tb","1"
"#pakistan's","1"
"#videogame","3"
"#hsveyouseen","4"
"#music","12"
"#agreement","1"
"#setup","1"
"#unveils","2"
"#coolkidsclub","1"
"#adgradbowl","1"
"#spikes","5"
"#raspberry_pi","14"
"#bi&amp;a","1"
"#statistical","1"
"#propaganda","1"
"#fastcompany","2"
"#peterbright","1"
"#xboxsupport","2"
"#oh","1"
"#peoplepowered","1"
"#austin","4"
"#tricks","3"
"#usa","17"
"#funding","1"
"#feedback","1"
"#collection","1"
"#sound","1"
"#thebodyxxx","1"
"#payday","1"
"#excel","129"
"#iphone's","1"
"#office_for_android","1"
"#letsdoit","1"
"#modernbiz","2"
"#empowered","2"
"#mobility","6"
"#newfeatures","1"
"#stem","1"
"#cctr","1"
"#sstechshare","1"
"#runlikeagirl","1"
"#onein70million","2"
"#kevinmarks","1"
"#dragonageinquisition","2"
"#redesigned","1"
"#halo:tmcc","1"
"#sekvalmennus","1"
"#hybride","10"
"#windowsme","1"
"#dyncrm","6"
"#wpphoto","2"
"#sedp","1"
"#february)","6"
"#nikki","1"
"#bestglobalbrands","1"
"#teampic","1"
"#profits","1"
"#arm","8"
"#shotonlumia","3"
"#everythingispossible","1"
"#glosbiz","3"
"#jesusesamor","1"
"#microsoft@rapidnav","1"
"#crabtoon","3"
"#megachat","1"
"#raspi","7"
"#adblitz","1"
"#brilliant","3"
"#innovatech","2"
"#oppo","3"
"#gearvr","1"
"#css3","2"
"#enclosure","1"
"#dusting","1"
"#vista","3"
"#toocute","1"
"#futureready","1"
"#tumblr","3"
"#powerpivot","10"
"#wisconsin","1"
"#datavisualization","3"
"#bleedingcool","1"
"#wpxi","1"
"#reasoniwanttobeapt","2"
"#htc","7"
"#freepint","2"
"#microsoftceosatyanadella","2"
"#westpac","1"
"#human","39"
"#superbowl2015","15"
"#fieldgoal","1"
"#albertaoil","2"
"#enabled","1"
"#mapsblog","1"
"#digitalia","1"
"#bezos","1"
"#jumpstart2015","1"
"#lilac","1"
"#disdick","1"
"#hashchat","3"
"#oldpeople","1"
"#old","1"
"#shopping","8"
"#snow","4"
"#microsoftads","1"
"#newtechnology","3"
"#skullduggery","1"
"#server2003","3"
"#dba","2"
"#olpc","4"
"#wow","89"
"#startup","66"
"#accenture","4"
"#zopper","1"
"#dbz","1"
"#workflows","2"
"#exchangeserver","1"
"#cfcvafc","1"
"#strongly","1"
"#steveballmer","8"
"#cmos","3"
"#network","3"
"#puertorico","1"
"#mobile","315"
"#mpresacio","2"
"#ski","1"
"#2b2gether","1"
"#coreclr","9"
"#thekreklowgroup","1"
"#computing","17"
"#employee","2"
"#retweet","1"
"#nokia215","7"
"#clouds","1"
"#lumia535","95"
"#educationservices","1"
"#nptech","4"
"#altair","3"
"#pissedoff","1"
"#girlswhocode","29"
"#surveillance","2"
"#books","3"
"#microsoftwindows8","1"
"#jeffbezos","4"
"#teller","2"
"#2016","3"
"#udobiz","1"
"#dx","1"
"#cerritos","1"
"#keynote","1"
"#general","1"
"#smartband","3"
"#presidentobama","4"
"#infot","1"
"#italiana","1"
"#lovingit","1"
"#itunes","4"
"#mcgrupticserveis","1"
"#javsscript","4"
"#windowsislove","1"
"#desempleados","2"
"#black&amp;white","1"
"#citizenship","1"
"#sql2014","2"
"#pride","1"
"#cloud;","1"
"#connect","1"
"#reference","3"
"#researchchief","1"
"#kill","2"
"#mario","14"
"#powerpint","2"
"#outlook.com","1"
"#newsaggregator","1"
"#braydon","1"
"#ibm's","2"
"#datacenter","7"
"#tweetbowl","1"
"#forex","1"
"#symantec","2"
"#recruiter","2"
"#johntaschek","1"
"#newemailapp","1"
"#allot","2"
"#exploit]","2"
"#dream","1"
"#frankenstein","1"
"#applepay","1"
"#debugging","1"
"#ustream","1"
"#superbrands","1"
"#katyperry","1"
"#kudos","2"
"#1984","1"
"#datascientist","9"
"#exploits","1"
"#remoteapp","2"
"#cloud-based","3"
"#amazonuk","1"
"#msaccess","1"
"#agenda21","1"
"#junior","8"
"#makerspace","1"
"#arduino","2"
"#adfs","4"
"##microsoft","4"
"#fortinet","1"
"#microsoft-powered","1"
"#ifixx","1"
"#freesportsbet","1"
"#tedtalk","1"
"#namechange","1"
"#etiquette","4"
"#insiders","1"
"#thexboxoneiswank","1"
"#fail","23"
"#caps","1"
"#gaming#games","1"
"#digits","1"
"#mcdonald's","1"
"#diversityandinclusion","1"
"#infopedia","6"
"#livetiles","2"
"#daxcrypt","1"
"#wherestrevor","1"
"#applications","5"
"#tv","1"
"#tw","2"
"#avast","1"
"#dance","5"
"#artist","4"
"#jrcsb49","1"
"#blender","2"
"#superbowlcommercial","2"
"#calletips","1"
"#niemalsallein","1"
"#menu","1"
"#supported","1"
"#apply","1"
"#cryptocurrency","1"
"#tc","23"
"#likeforlike","2"
"#to","21"
"#ti","4"
"#mwc2015","1"
"#هز","3"
"#broadband","1"
"#lexusnx","1"
"#nevssea","12"
"#infotech","2"
"#nostalgic","1"
"#halo:mcc","2"
"#crmug","3"
"#multiplayer","1"
"#americans","1"
"#newproducts","1"
"#computer","28"
"#hbltech","1"
"#rip","3"
"#minhaz","1"
"#pm","2"
"#multibillion-dollar","1"
"#ohmygod","1"
"#oakbrook","2"
"#shot","1"
"#sexyness","1"
"#appssoftware","2"
"#visa","3"
"#microsoftgarage","2"
"#its","1"
"#personalagentproject","2"
"#gamertag","1"
"#appie","1"
"#themohicans","1"
"#winserv10","1"
"#corporation","6"
"#itl","3"
"#clmicrosoft","1"
"#algorithms","1"
"#residentevilhd","1"
"#luigi","4"
"#signatureseries","1"
"#typecover","1"
"#confused","4"
"#hdinsight","5"
"#htconem8","3"
"#code","30"
"#vs2015","2"
"#paypal","5"
"#ufone","2"
"#msoffice","7"
"#oscar","1"
"#contacts","2"
"#tysonscorner","1"
"#oneplus","7"
"#oop","1"
"#csharp","16"
"#wisetech","1"
"#utah","1"
"#angularjs","1"
"#cocacola","11"
"#frontfacingcamera","1"
"#leads","2"
"#f1","3"
"#titanfall","2"
"#danone","2"
"#rock","1"
"#techdays","27"
"#pki","1"
"#snowbreeze","1"
"#battlefield3","1"
"#battlefield4","2"
"#windows98","1"
"#nav","3"
"#gillmorgang","1"
"#sister","1"
"#charttrack","2"
"#softwaregiant","3"
"#youthspark","81"
"#mstechdays","15"
"#excitement","1"
"#nowifi","1"
"#internacional","1"
"#office","336"
"#geeklife","1"
"#israeli","1"
"#logitech","1"
"#ff","2"
"#crack","1"
"#visualization","2"
"#fb","45"
"#hru","1"
"#nadella","14"
"#techgen","1"
"#pi2","2"
"#health_it","2"
"#laughing","1"
"#justmightbe","1"
"#kipichallenge","1"
"#bui","2"
"#learning","13"
"#laplet","2"
"#xtopdf","1"
"#htconem9","1"
"#temagay","1"
"#smartnation","1"
"#latinoedu","1"
"#zimbra","2"
"#spreadsheet","3"
"#feels","1"
"#topoli","4"
"#steve","2"
"#datascience","23"
"#republicday","1"
"#mahan","2"
"#raspberypi","1"
"#lockscreenapp","2"
"#invest","16"
"#zulia","1"
"#heremaps","1"
"#geek","15"
"#minecraftnews","1"
"#interview","1"
"#raleigh","2"
"#jamesfranco","1"
"#signs","1"
"#uniform","2"
"#dailydeals","4"
"#mach","1"
"#platform","5"
"#reply","1"
"#securityaffairs","1"
"#paypalhere","2"
"#onedriveforbusiness","4"
"#superblowsunday","1"
"#pullinonheartstrings","1"
"#mission_control","1"
"#fintech","6"
"#frustrating","2"
"#videogiochi","2"
"#tweetgram","1"
"#aau","1"
"#animallogic","1"
"#fusion","3"
"#omg","3"
"#struggles","1"
"#yosemite","2"
"#softskills","6"
"#repairs","1"
"#inquiries","3"
"#griffeyjr","1"
"#questions","3"
"#ctf","1"
"#iwalk","1"
"#amazoncominc","4"
"#ghosts","3"
"#masterchiefcollection","1"
"#cms","1"
"#day","1"
"#snapdragon","4"
"#doncaster","1"
"#consumer","1"
"#mobileos","1"
"#igotadd","1"
"#androidlollipop","3"
"#slickdeals","6"
"#techstories","1"
"#umcc","1"
"#meadev","2"
"#konami","2"
"#vernon","1"
"#newtek","2"
"#oracle","27"
"#production","2"
"#proud","3"
"#yahoo,#microsoft","1"
"#webcamp","9"
"#bds","1"
"#googleforwork","1"
"#discoveryvip","1"
"#nsa","8"
"#3percentsb","6"
"#functions","1"
"#tech_products_reviews","11"
"#innivation","1"
"#denimupdate","1"
"#windown10","1"
"#ha","2"
"#telegraph","1"
"#hd","2"
"#adsuperbowl","1"
"#lecture","1"
"#googleplay","1"
"#lenovo","6"
"#leverage","2"
"#bungie","11"
"#peoplesgeek","1"
"#saturday","1"
"#hp","30"
"#touch","6"
"#erpmarketing","5"
"#tromso","1"
"#lumia435","45"
"#available","5"
"#microsoftfamily","1"
"#tekken","2"
"#knowitproveit","3"
"#raspberrypi","138"
"#bowl","2"
"#rumoured","1"
"#uni","1"
"#trendsetter","1"
"#sp49","1"
"#thesecret","1"
"#bullshit","1"
"#halolens","3"
"#funfactfriday","1"
"#squareenix","1"
"#annapolis","1"
"#iiot","1"
"#freestuff","1"
"#iamthebest","3"
"#soexcited","1"
"#newoutlookemail","7"
"#dyinglight","6"
"#msdos","4"
"#timesofindia","2"
"#beautiful","2"
"#budget","7"
"#watchingtv","2"
"#brady","1"
"#channelbiz","1"
"#office...very","1"
"#smartscreen","1"
"#exploitdb","1"
"#novel","2"
"#hackaton","2"
"#backtomac","1"
"#msdynmar","1"
"#lumia1530","1"
"#asp","9"
"#wearabletech","1"
"#lasernet","4"
"#oculus","5"
"#prayers","1"
"#hollywood","1"
"#education","21"
"#geekgasm","1"
"#reboot","9"
"#kmemicrosoft2015","3"
"#internetcompanies","1"
"#his","1"
"#park","1"
"#.net","2"
"#tweko","1"
"#billionair","10"
"#diversityintech","1"
"#debutappearance","6"
"#subscription","1"
"#experts","9"
"#article","31"
"#devjobs","1"
"#costa","4"
"#mobilestrixs","2"
"#hurryup","2"
"#piscina","1"
"#dcs","1"
"#conv15","5"
"#transhumanism","1"
"#gsc","1"
"#dcu","5"
"#shocking","1"
"#uservoice","1"
"#nflexperience","1"
"#shakin","1"
"#gmail","2643"
"#rapidnav","1"
"#mass303s15","1"
"#delve","3"
"#selfie","3"
"#sccm2012","1"
"#'showers","6"
"#logo","7"
"#micosoftword","1"
"#wp8.1","2"
"#techie","6"
"#nerd","13"
"#microsoft-owned","1"
"#answered","1"
"#scania","2"
"#factions","1"
"#excellent","1"
"#amazoncarey","3"
"#stolen","1"
"#orlandoadbowl","1"
"#gopats","3"
"#tomorrow","1"
"#business","172"
"#ps4share","1"
"#itsourcing","1"
"#digitaldisruption","1"
"#orleans","1"
"#malmö","1"
"#dlc","1"
"#browser's","2"
"#skidrow","1"
"#tdu","5"
"#france2","1"
"#stupidmicrosoft","1"
"#outline","1"
"#vpn","6"
"#concordca","1"
"#vps","1"
"#pcgames","3"
"#generator","2"
"#notice","1"
"#flickr","2"
"#outreach15","1"
"#microsoft)","3"
"#microsoft+","3"
"#kit","4"
"#bigday","1"
"#surface2","38"
"#icici","1"
"#infosharing","8"
"#thursday","2"
"#wellingtone","1"
"#architecture","6"
"#courageinthefaceofopportunity","1"
"#justsaying","1"
"#enterpriseemail","1"
"#pc","3084"
"#fullreview","1"
"#kajaani","4"
"#wristband","1"
"#xbots","1"
"#appcampus","6"
"#hitech","1"
"#iphone6","5"
"#sage","6"
"#volnation","1"
"#imail","1"
"#dublin","3"
"#media","5"
"#msdk","1"
"#rockthedock","2"
"#shooter","1"
"#microsoft~","1"
"#microsoft-forefront","3"
"#bambinos","1"
"#exame","3"
"#katyperry's","6"
"#woodland","1"
"#designed","3"
"#storage","113"
"#lumiaprice","1"
"#synology","2"
"#japan","6"
"#2030","1"
"#phishing","2"
"#priceless","1"
"#ikea","1"
"#secondrate","1"
"#itsupport","3"
"#ripronwhite","1"
"#absolutecensor","1"
"#doomday","1"
"#scented","1"
"#braylono'neill","1"
"#nokiacare","1"
"#hackernews","4"
"#viralvideo","2"
"#representative","12"
"#girl","1"
"#razer","2"
"#hyperv","10"
"#sweet","2"
"#fps","2"
"#w8","5"
"#agenda","2"
"#analyst","1"
"#nowadays","1"
"#events","1"
"#aussietech","1"
"#w7","1"
"#morons","1"
"#chrome","74"
"#amazingwoman","1"
"#dreamspark","2"
"#led","4"
"#minecraft-isation","1"
"#starbucks","5"
"#downtown","2"
"#dovedeodorant","1"
"#800","1"
"#tmcdynamicsgp","1"
"#cloudmigration","2"
"#avocados","3"
"#microsoftresearch","4"
"#webcontent","1"
"#cash","1"
"#free","93"
"#alibaba","3"
"#case","25"
"#alec","3"
"#wired","6"
"#pctablet","1"
"#fadeaway","1"
"#bitcoin","45"
"#nojobtoobig","1"
"#wp10","1"
"#techx","1"
"#étui","1"
"#partituras","1"
"#outage","9"
"#tribez","5"
"#devbattles","45"
"#taking","1"
"#microsoftoffice","14"
"#word","66"
"#infositehub","2"
"#wp","7"
"#h2020","1"
"#secunia","5"
"#wallstreetjournal","3"
"#universal","1"
"#vatra","1"
"#officepro","5"
"#hologram","12"
"#xboxgamesconsole","1"
"#surfacepro3s","1"
"#stackandstore","1"
"#sexdetermination","1"
"#ittips","2"
"#followback","1"
"#lgbt","1"
"#pensketch","1"
"#steam","3"
"#cybersec","4"
"#iosfirst","1"
"#prove","2"
"#globaldev","1"
"#whatareyoudoingtohelp","1"
"#lizzardsquad","3"
"#speechrecognition","1"
"#cognitivecomputing","2"
"#bellends","1"
"#forsale","1"
"#joinconference","1"
"#idownloaded","1"
"#worstcommercials","1"
"#sense","1"
"#windowsnt4.0","1"
"#techdata","4"
"#apples","1"
"#beacon","1"
"#mobilefirstcloudfirst","1"
"#world","3"
"#disruptiveinnovation","1"
"#techready","2"
"#2007","1"
"#button","1"
"#stopdomesticviolence","2"
"#firefox","4"
"#10khrs","3"
"#silverlight","3"
"#iaas","5"
"#crowdsourcing","1"
"#msdyncomm","2"
"#microsoftword","4"
"#lounge","1"
"#ks","1"
"#async","1"
"#hype","13"
"#bangladesh","1"
"#2ne1","4"
"#move","2"
"#channel9","1"
"#spear","1"
"#enhancement","1"
"#spyware","2"
"#fbl","1"
"#lts","1"
"#clashofclans","1"
"#jeffmuscarella","1"
"#googleinbox","1"
"#superbowicommercials","1"
"#qcom","1"
"#zombie","4"
"#makesafehappen","2"
"#downgrades","1"
"#sm","1"
"#philanthropist","2"
"#glory","1"
"#deathanniversary","1"
"#bahrain","3"
"#cafoundation","1"
"#surface","333"
"#transgender","1"
"#clippynightmares","2"
"#onlyfrom","1"
"#microsoft;","1"
"#foreigninvestment","1"
"#rufollowme","1"
"#wasteoftime","1"
"#puget","1"
"#barbados","1"
"#nvidia","1"
"#adspots","1"
"#ewanspencewhen","1"
"#hands-on","1"
"#ignitejam","1"
"#brands","4"
"#exchangeserver2013","1"
"#spokane","1"
"#common's","1"
"#me","1"
"#earningsreport","1"
"#octacore","2"
"#recognized","1"
"#comps","1"
"#seahawks","44"
"#jlc","1"
"#customerservice","2"
"#fungsi","1"
"#xboxgang","1"
"#bitcoinnews","1"
"#organizational","18"
"#accelerate-","2"
"#pass","1"
"#wsj","1"
"#errors","1"
"#wsg","1"
"#cxo","3"
"#windowsrt","14"
"#apple's","23"
"#nieuwsuit","3"
"#winxp","1"
"#مایکروسافت","1"
"#skyblock","6"
"#tattvabodha15","1"
"#profilesheet","1"
"#fuckyoudolphinandwhale","1"
"#spartan,new","1"
"#deadkids","1"
"#timesnewroman","2"
"#microsoft...yer","1"
"#amazonbusinessemail","1"
"#adobecloud","2"
"#questlove","1"
"#plus","5"
"#missestella","4"
"#webinfinity","2"
"#server10","1"
"#likeagirl","13"
"#itjobs","2"
"#officedesign","1"
"#cyanogen,shame","1"
"#gpu","1"
"#gamerswin","1"
"#problems","2"
"#arsenal","2"
"#socmed","1"
"#ble","2"
"#office2016","46"
"#o'neill","1"
"#partywithlumia","19"
"#weneedthis","1"
"#local","1"
"#28days","1"
"#pearson","1"
"#makeithappenea","4"
"#starcraft","3"
"#never_contact_you","1"
"#sigh","2"
"#winphone","87"
"#nolegs","1"
"#gearsofwar","1"
"#stories","1"
"#workshop","4"
"#mojang","82"
"#rpi?#microsoft","1"
"#raspberrypifoundationgoesofically","1"
"#ebook","6"
"#mwc15","1"
"#consulting","1"
"#calendars","2"
"#lumia1520","8"
"#ps4's","1"
"#oneforall","1"
"#disaster","2"
"#alleskannnixmuss","1"
"#quantumbreak","1"
"#foxdeca","2"
"#holographics","1"
"#crashed","1"
"#soannoying","1"
"#retrocollection","1"
"#rename","1"
"#tableau","3"
"#training@","1"
"#testing","4"
"#seafood","1"
"#randd","1"
"#truecrypt","1"
"#smartwatch","7"
"#mouse","4"
"#operatingsystems","2"
"#msftburnssupper","3"
"#hunter","2"
"#mspth","3"
"#atlantic","1"
"#pocketnowdaily","1"
"#31","4"
"#expertise","8"
"#mfi","1"
"#legit","1"
"#geniousnktng","2"
"#workbc","1"
"#fable","1"
"#storytelling","1"
"#1644","3"
"#yvr","1"
"#xboxlivedown","50"
"#yaydads","1"
"#flywithwifi","1"
"#parkour","1"
"#estellasbrilliantbus","3"
"#social","15"
"#onlinesecurity","1"
"#noty2k","1"
"#bitcoins","2"
"#sharepoint","176"
"#1e","5"
"#notifications","3"
"#sanfrancisco","1"
"#prideofpakistan","1"
"#executive","1"
"#crowdfunding","15"
"#msvalumni","1"
"#nokian1","1"
"#mumbai","2"
"#black","1"
"#announced","1"
"#bi","66"
"#lumiaicon","5"
"#vaw","1"
"#engineering","7"
"#hoped","1"
"#suomi","1"
"#microsoftaccount","1"
"#xboxlivegol","2"
"#","27"
"#dowork","1"
"#trials","1"
"#adbowl"yeah","1"
"#patchingstrategy","1"
"#onthisday","1"
"#estella","1"
"#parature","1"
"#hagenberg","1"
"#twitterbugunbutaglamutlu","1"
"#flopped","1"
"#teamwork","2"
"#until","2"
"#videoeta","1"
"#hybrid","3"
"##shoppingcentres","1"
"#gameswithgold","5"
"#snrtg","11"
"#public","1"
"#windowsserver","27"
"#1%","1"
"#encouragingmessages","2"
"#sysctr","20"
"#educators","1"
"#19","1"
"#ocdproblems","1"
"#security","92"
"#amazonwishlist","25"
"#awesome","10"
"#yolo","2"
"#11","1"
"#10","23"
"#ultron","1"
"#beach","1"
"#xboxcontroller","1"
"#csc239","1"
"#nokiadt903smartwirelesschargingplate","1"
"#cara","1"
"#easy","1"
"#docx","1"
"#program","1"
"#gujarat","1"
"#contact","1"
"#systemx","1"
"#glassroots","6"
"#techgeeks","1"
"#times","4"
"#makes","2"
"#maker","1"
"#activation","1"
"#difference","1"
"#watertown","1"
"#delorean","2"
"#ntp","1"
"#lovers","1"
"#chloegracemoretz","1"
"#by","3"
"#servers","5"
"#googleglass","16"
"#bf4premium","1"
"#brandengagement","1"
"#vr","9"
"#vs","1"
"#vp","4"
"#migration","4"
"#autobot","1"
"#samsungnote4","1"
"#knowledgewave","1"
"#nomoreugly","1"
"#burnsnight","8"
"#xbla","2"
"#baddecision","1"
"#yoloswag","1"
"#vb","2"
"#vc","2"
"#commoncore","2"
"#drive","1"
"#devcamps","6"
"#threedimensionvideo","1"
"#touchscreens","1"
"#credit","42"
"#pages","4"
"#announces","1"
"#meme","1"
"#cotswoldhour","1"
"#elop","1"
"#beastmode","1"
"#microsofttablets","1"
"#jublia","3"
"#huis","1"
"#motiongraphics","1"
"#mobarena","2"
"#losingpatience","1"
"#proxywar","1"
"#fraud","2"
"#wishing","1"
"#details","6"
"#kent","4"
"#whitespace","3"
"#swag","1"
"#microsoft-centric","1"
"#adblockingsoftware","1"
"#onemicrosoft","1"
"#nationwide","105"
"#nonprofits","10"
"#materialicious","1"
"#msca","1"
"#reptrak","2"
"#taboola","4"
"#outlook","641"
"#kvm","1"
"#iphone5unlock","1"
"#dove","6"
"#intuit","1"
"#innocent","1"
"#makeover","1"
"#hardcore","1"
"#ncc","1"
"#nerdland","1"
"#kind","1"
"#heroes","1"
"#fatwallet","7"
"#project","23"
"#installing","1"
"#ppcchat","2"
"#mypaper","1"
"#k12","1"
"#bign","1"
"#microsoftvsapple","2"
"#onedrive","459"
"#geekmode","1"
"#cyanogencyanogen","1"
"#lsusome","1"
"#youtube","16"
"#again","10"
"#joomla","1"
"#تحديث","2"
"#googlealerts","2"
"#that","4"
"#metavis","3"
"#snowy","1"
"#progress","1"
"#computerscience","1"
"#miemt","1"
"#tmsnews","1"
"#ewaste","3"
"#android)","1"
"#androidfirst","1"
"#comms","2"
"#extension","1"
"#leopard","1"
"#iphone5cunlock","1"
"#wirelesscharging","2"
"#ice-t","1"
"#myway","1"
"#windowsmobil","2"
"#bakersfield","1"
"#endthefed","1"
"#deals","52"
"#2kgames","1"
"#xp","3"
"#shit","1"
"#longreads","1"
"#winserv2003","2"
"#acensi","1"
"#fork","1"
"#tugittuesday","1"
"#astonmartin","1"
"#retro","1"
"#drawdaily","1"
"#russia","1"
"#continues","1"
"#quietly","1"
"#windowsphone","1024"
"#nosql","6"
"#developers","19"
"#pens","1"
"#binaryoptions","1"
"#googlechrome","1"
"#digitalmedia","3"
"#xo","1"
"#day16","1"
"#sync","2"
"#white","1"
"#fsx","2"
"#sales","17"
"#metsä","1"
"#windows81","22"
"#sufacepro3","40"
"#tiss","1"
"#glasshouses","1"
"#autoandroid","1"
"#freeversion","2"
"#new#outlook","1"
"#iammec","7"
"#tb-gramedia","1"
"#broken_by_design","2"
"#90s","1"
"#dynamics","44"
"#microsoft-","1"
"#microsoftlumia535","1"
"#youngdrivers","1"
"#besttabletever","1"
"#caselogistix","4"
"#bootcamp","1"
"#technology","312"
"#publisher","6"
"#redditama","1"
"#acs","1"
"#night","1"
"#land","2"
"#lesson","2"
"#12thman","4"
"#hemorrhaging","1"
"#santamonica","1"
"#property","1"
"#gay","1"
"#designers","1"
"#sanjose","1"
"#arfakarim","1"
"#emailmarketing","2"
"#soapopera","1"
"#hardware","7"
"#mentor","1"
"#lan","3"
"#writing","3"
"#investor","1"
"#imediauk","9"
"#caterpillar","2"
"#dow","1"
"#lab","6"
"#cannibalism","1"
"#development","76"
"#iot3","4"
"#for","9"
"#clean","1"
"#reboot2015","3"
"#ebony","2"
"#internationallaw","1"
"#law","3"
"#blogger","3"
"#yoga","3"
"#cortanavssiri","1"
"#amphi","1"
"#flipkart","10"
"#snapdragon810","12"
"#microsoft........if","1"
"#hilarious","1"
"#skynews","1"
"#keyboard","16"
"#gpug","1"
"#windowsinsider","16"
"#osxyosemite","1"
"#digitaldaily","1"
"#localman","1"
"#easier","3"
"#dreams","1"
"#posts","1"
"#trendmicro","1"
"#onthisdayindigital","1"
"#advancedanalytics","2"
"#commuter","1"
"#jo","1"
"#elcantodelloco","1"
"#532","1"
"#flannelfridays","1"
"#chromeos","1"
"#multikillentertainment","1"
"#ssis","3"
"#nextgentech","6"
"#wireless","10"
"#enterprisecustomers","2"
"#humor","1"
"#hawaii","1"
"#ethics","20"
"#nopainnogain","2"
"#virtualacademy","1"
"#shape","1"
"#arrives","3"
"#esade","1"
"#disruption","2"
"#vectors","1"
"#psndown","1"
"#honolulu","1"
"#wp8","6"
"#nsbeprp2hype","1"
"#diamond","1"
"#mtanetworking","1"
"#xboxissues","1"
"#components","6"
"#lumiaus","9"
"#makingbiawesome","4"
"#experiencedesign","1"
"#shortcuts","6"
"#tweaks","2"
"#greenenergy","2"
"#celebi","1"
"#pakistan","12"
"#tetralockscreen","1"
"#branding","1"
"#inj3ct0r","2"
"#ddosattack","1"
"#beware","1"
"#iluvuguysatgoogle","1"
"#tabletacademy","4"
"#power","4"
"#expensivepieceofshit","1"
"#sqlserver","28"
"#court","1"
"#adweek","1"
"#sb15","1"
"#mediat","2"
"#seattle","19"
"#newoutlookapp","3"
"#islamsux","1"
"#alcon","1"
"#productivity","75"
"#modernbusiiness","2"
"#lumia635","2"
"#recensione","1"
"#ubisoft","2"
"#twetbot","2"
"#religion","1"
"#androids","1"
"#veterans","1"
"#windowsmail","1"
"#bestapps","1"
"#gameforkids","1"
"#lol","5"
"#gamrs","1"
"#outlookforit","1"
"#microsoftcloud","3"
"#yahooweather","2"
"#workoutwednesday","1"
"#tbgrandopening","21"
"#goseahawks","1"
"#job","52"
"#hangers","1"
"#ruby","1"
"#spring","1"
"#scifact","1"
"#oanda","1"
"#wpf","1"
"#website","3"
"#sw","1"
"#ويندوز","2"
"#hololense","3"
"#iwantthedogone","1"
"#3dprinting","2"
"#gatesfoundation","3"
"#animation","5"
"#bbq","1"
"#whitecollarproperties","1"
"#maharashtra","5"
"#cyberinfo-sharing","3"
"#ams","3"
"#androidgames","1"
"#rewalk","1"
"#proav","2"
"#speaking","1"
"#delta","1"
"#hendricks","1"
"#weekendfunprogramme","2"
"#scala","1"
"#microsoftignite","2"
"#demo","1"
"#spartan)","1"
"#techkh","1"
"#abblock","2"
"#appstore","6"
"#crypto","1"
"#aktien","1"
"#techkc","2"
"#neuland","1"
"#playstore","3"
"#mlg","1"
"#adaptivevideostreaming","1"
"#newsnight","3"
"#playstationbrand","2"
"#buildtheshield","1"
"#threatpost","1"
"#manager","1"
"#pesonaedu","2"
"#tshirt","2"
"#ifyoupourcoke","2"
"#odbc","2"
"#apieconomy","5"
"#sd42","7"
"#beats","2"
"#itprodevops","1"
"#tbt","4"
"#fsharp","1"
"#usability","1"
"#saas","13"
"#oscars2015","1"
"#toyota","18"
"#pcgaming","39"
"#sp","1"
"#shares","2"
"#ignore","1"
"#ign","1"
"#hopscotch","1"
"#browserwar","1"
"#apple","3846"
"#selby","1"
"#workload","2"
"#mojnay","1"
"#macbook","7"
"#halftimeshow","1"
"#brisbane","5"
"#dpity","1"
"#owa","2"
"#tonyshowtunes","4"
"#pivottables","2"
"#youcantleaveme","1"
"#rasperry","4"
"#windows2008","3"
"#longwaitover","1"
"#devops","10"
"#catalog","1"
"#yousuck","1"
"#grant","9"
"#documentfoundation","1"
"#india;","4"
"#microstation","1"
"#skyrim","3"
"#singularity","14"
"#shinjiru","2"
"#monitor","2"
"#msft","73"
"#dpcritic","1"
"#marketing","36"
"#maisema","1"
"#worstever","1"
"#question","2"
"#fanboy","3"
"#systemfailure","1"
"#wpdev","29"
"#emailarchiving","1"
"#diversify","1"
"#mslicensing","2"
"#kirtmcmaster","1"
"#work","40"
"#gantt","3"
"#nextgeneration","80"
"#newoutlookappios","2"
"#shenmue","4"
"#2013","6"
"#2012","1"
"#blackopsii","3"
"#2010","2"
"#applecarplay","1"
"#2015","12"
"#fighting","2"
"#3ds","4"
"#sensor","1"
"#vimeo","1"
"#awe2015","1"
"#curazao","1"
"#sideboob","1"
"#sleeve","1"
"#dronatpf","1"
"#stoner","1"
"#windup","51"
"#mcpe","2"
"#okjesors","1"
"#buildtheshieldcontest","1"
"#fixmycomputeronsite","4"
"#life","4"
"#webinar","16"
"#googledrive","4"
"#mercuryinthe","4"
"#investmentnews","2"
"#supe","1"
"#silicon","1"
"#etto","1"
"#fanboyforlife","1"
"#tips","16"
"#macros","2"
"#mobilephotography","1"
"#cloudfirst","1"
"#udemycoupon","19"
"#sanramon","1"
"#disrupte","1"
"#photobooth","1"
"#levi","1"
"#management","11"
"#policy","1"
"#ltny15","3"
"#hyper-v","6"
"#yellow","1"
"#amputation","1"
"#sccm","12"
"#noshame","1"
"#prawfsblawg","1"
"#9926","1"
"#pirateking","1"
"#iis","2"
"#nosound","1"
"#sp3","1"
"#transformation","1"
"#lonewizard7","3"
"#competitor","52"
"#fosdem","3"
"#mobilenews","1"
"#threat","5"
"#tfs","1"
"#sharepoint2016","1"
"#windows8","1706"
"#digitalwork","4"
"#googlefreeandroid","2"
"#gamemusic","1"
"#halftime","4"
"#vintage","3"
"#newegg","1"
"#baxter","1"
"#215","1"
"#exxon","3"
"#basket","1"
"#msdynax","16"
"#gramediabooks","1"
"#cnet","1"
"#football","4"
"#truegamer","1"
"#microsoftoutlookforios","1"
"#911","1"
"#disclosure","6"
"#calendar","3"
"#voice","4"
"#iwork4dell","7"
"#gets","4"
"#natas","1"
"#minecraftedu","2"
"#phallic","2"
"#lazysunday","2"
"#buy","3"
"#crab","1"
"#webmail","2"
"#features","3"
"#weather","1"
"#stream7","1"
"#indiedev","10"
"#biztalk","2"
"#date","1"
"#videogaming","1"
"#cyber","13"
"#data","41"
"#qualcomm","6"
"#acompli","71"
"#pleasant","1"
"#featured","2"
"#fordgt","1"
"#microsoftsqlserver","1"
"#respect","2"
"#history","1"
"#brainmeltingprofits","1"
"#ml","1"
"#theflintstones","1"
"#tubecast","1"
"#quality","2"
"#looks","2"
"#prodad","2"
"#mars","7"
"#windows95","3"
"#seattleconventioncenter","2"
"#mc","4"
"#phablets","1"
"#ma","1"
"#literacy","1"
"#tears","1"
"#malls","1"
"#serviceoutages","1"
"#programs","1"
"#windowsphone81","2"
"#compliance","5"
"#alexkipman","3"
"#sbadfail","1"
"#text","1"
"#ms","20"
"#gives","4"
"#nba","1"
"#aihumans","4"
"#bromford","6"
"#wikipedia","6"
"#user","1"
"#mieexpert15","28"
"#acquisition","1"
"#plantingseason","1"
"#wen","1"
"#montreal","1"
"#solarcity","1"
"#zentyal","2"
"#personalagent","11"
"#mail","11"
"#working","35"
"#gparted","1"
"#gogoogle","1"
"#gcbowl","1"
"#xxx","1"
"#forza","1"
"#uxdesign","1"
"#windowspcs","46"
"#omnichannel","2"
"#jobfairy","5"
"#bingphotos","1"
"#superbowlads","64"
"#digitalxcorp","3"
"#successtory","1"
"#troll","1"
"#losangeles","4"
"#ign-conversations","1"
"#evolve's","1"
"#congress","1"
"#tree","1"
"#chef","2"
"#ecosystems","1"
"#jobpostings","1"
"#stevegillmor","1"
"#bridgetcarey","3"
"#gàidhlig","1"
"#saveourchildren","1"
"#headcount","1"
"#feedly","32"
"#2march","2"
"#fixit","1"
"#pourelles","1"
"#gameconsoles","2"
"#alecsaunders","2"
"#bmw","1"
"#x360","1"
"#creative","1"
"#video","21"
"#gameinsight","8"
"#thielfellowship","3"
"#overview","1"
"#upcycle","4"
"#android'","2"
"#denim","12"
"#cve","1"
"#webdevs","1"
"#digcit","2"
"#domesticviolence","2"
"#htcwp8x","1"
"#gohomenewsyouaredrunk","1"
"#realtalk","1"
"#dailydeal","2"
"#joboffer","1"
"#kipman","1"
"#almost","1"
"#headset","38"
"#scams","1"
"#vulnerability","5"
"#qualcomm's","2"
"#rlanguage","2"
"#special","1"
"#ttcuofa","2"
"#nokian1price","1"
"#edutainment","3"
"#timewarnercable","1"
"#nexus","1"
"#androidtablets","2"
"#augustame","1"
"#crossplatformservices","1"
"#firewall","1"
"#dedicatedserver","1"
"#openxml","2"
"#powershell","35"
"#mikeworld","1"
"#jobfair","1"
"#certifications","1"
"#windows7","94"
"#gocomputers","1"
"#donpoulton","1"
"#ads","11"
"#windows2","2"
"#windows1","2"
"#lookinggreat","1"
"#wcf","1"
"#dow30","1"
"#finbasics","2"
"#windows9","1"
"#chi","3"
"#zerg","3"
"#bluetooth","1"
"#alaska","8"
"#chs","1"
"#itzbest","1"
"#msdyngrp","1"
"#whatcanyoudo","2"
"#espanol","7"
"#quadcore","1"
"#gamerproblems","2"
"#photography","9"
"#binginsider","1"
"#becareful","1"
"#intelandroid","1"
"#computerservers","1"
"#jargon","1"
"#ayokesumbar","1"
"#tool","3"
"#smile","1"
"#teals","1"
"#medical","3"
"#forking","1"
"#fanboys","2"
"#win2k3","1"
"#dsc","1"
"#hitachi","1"
"#geekout","1"
"#eduacation","1"
"#futureexecutive","1"
"#acquisitions","1"
