"@daniel_rubino","2"
"@purassan","1"
"@hupatent","1"
"@bizspark","6"
"@abutler","2"
"@pcgeek86","49"
"@utexasstudents","1"
"@onedrive","8"
"@augustoayesta","1"
"@windows10","1"
"@vega_yaa","2"
"@blake_ignited","1"
"@christianastil2","1"
"@bingmaps","1"
"@mojang","1"
"@ardakaninabil","1"
"@karauctionservices","1"
"@reneeyao1","3"
"@richi1343","1"
"@jonathanbward","2"
"@dksheets","2"
"@wjchristenson2","1"
"@beyondmatter","20"
"@widgames","3"
"@gkeizer","15"
"@bigfix","1"
"@sagehrafrica","1"
"@","65"
"@canoe","2"
"@chacon","1"
"@networkboxusa","3"
"@googleglassgram","2"
"@zacb","1"
"@excelformulashq","2"
"@reupenanathan","1"
"@scottnorberg","1"
"@teacheronthemic","2"
"@garyyauchan","1"
"@techexquisite","4"
"@ibmsysxhelp","1"
"@mitchellreports","1"
"@whymicrosoft","16"
"@pud2010steeves","1"
"@jasjitchopra","1"
"@thecheekytaurus","1"
"@bluegamer456","1"
"@accessible_info","1"
"@goodshepherd_to","9"
"@klout","1"
"@nicoooos","1"
"@tianasalvo","1"
"@helpnetsecurity","14"
"@eliseharris99","1"
"@xovikki1314","1"
"@fnaf_is_boss","1"
"@boardpacks365","1"
"@sportinaus","1"
"@extremetech","1"
"@sebmatthews","2"
"@coppertop004","1"
"@wphonedaily","1"
"@latinotownhall","1"
"@damianedwards","1"
"@thehinduscience","2"
"@beitready","1"
"@cloudtweaks","1"
"@nzannet","1"
"@joeloleson","5"
"@popsugarmoms","1"
"@micheledbeal","1"
"@quikrpost","1"
"@cnha","1"
"@justinliv","5"
"@devwasik","1"
"@tniman","3"
"@tupi222","2"
"@folklind","3"
"@amazondeals","4"
"@prakharprasad","1"
"@synology","2"
"@richardhicks","12"
"@cloudexpo","1"
"@greatsoftline","2"
"@gta11628307","1"
"@jackson_roper","2"
"@barki_cricket","1"
"@nerdenterprises","2"
"@kodc98","1"
"@yolobuddar123","1"
"@domineefh","1"
"@freddypatri","17"
"@idrobinhood","2"
"@opinionessworld","8"
"@shamdelaney","1"
"@devlead","6"
"@mobileworldlive","1"
"@anurajpillai","4"
"@tvgmdamian","5"
"@jenalexaaa","3"
"@fredosthree","1"
"@gailcbradley","3"
"@paynegroup","1"
"@newindianxpress","2"
"@_rezko","2"
"@joesabado","1"
"@misschae","1"
"@globalgamingsc","1"
"@clemensreijnen","1"
"@mmcgrathtbr","1"
"@emmasolutions","1"
"@cloudhq_net","1"
"@nestegardjordyn","1"
"@lutherec","1"
"@yovia","2"
"@fusion_xlii","30"
"@dyosa_kim","1"
"@huronlegal","1"
"@moparfreek72","1"
"@pavlukdeveloper","25"
"@sinnot","1"
"@gamesaid","5"
"@chasesupport","2"
"@showmerob","1"
"@pcmcareers","2"
"@mikethebbop","6"
"@sterlingcomp","1"
"@rachelnatalie33","2"
"@rcpmag","3"
"@xboxp3","2"
"@v2soft","1"
"@physorg_tech","2"
"@jalenjack29","1"
"@aoandosaraki","4"
"@rocketspace","4"
"@da_manger","5"
"@darrenrovell","1"
"@terrajobst","2"
"@ajithmg","1"
"@msft4work","33"
"@prismatic","1"
"@kubernan","2"
"@ca3829","1"
"@potatoloveme12","1"
"@callumlfc10","1"
"@lumiablog_uk","12"
"@mattdavis1012","1"
"@julienewman64","1"
"@windows10info","7"
"@mscloud","1"
"@microsoftmvp","4"
"@rodmoose","1"
"@vorsite","1"
"@newcwebdesign","1"
"@jeehyungjj","1"
"@lzanol","1"
"@lissandralj","1"
"@latestup4u","1"
"@nelsonrosas","1"
"@mingfeiy","17"
"@keiraayanna","1"
"@mensch_justin","1"
"@movieverse2015","1"
"@gokanozcifci","1"
"@seasiainfotech","1"
"@microsoftjordan","2"
"@mikedavem","2"
"@lucasschagen","1"
"@twit","1"
"@coders4africa","1"
"@jessicajoan94","1"
"@indiatoday","4"
"@accentureva","1"
"@aliyshakaija","2"
"@peasantfoodmani","1"
"@merv","104"
"@leogirl45","1"
"@victoriabelmar1","2"
"@isrecruit","2"
"@tomwarren","5"
"@panda_lover_16","1"
"@hrblock","1"
"@faust6","1"
"@officefrance","1"
"@pucci_diego","1"
"@iclarified","1"
"@zombiemaster758","1"
"@pbodev","10"
"@doneandfinish","1"
"@cyanogenmod","3"
"@techinformist","1"
"@timeislifeeu","2"
"@nelakx","1"
"@grgfan","1"
"@windows8","1"
"@chrisreboot","3"
"@tbrinc's","1"
"@common's","2"
"@mrs_auri_styles","1"
"@sony","4"
"@coloradoright","1"
"@shivashankar010","19"
"@magirtiko","1"
"@techmentorevent","1"
"@chloegmoretz","3"
"@2brokegamerspod","2"
"@evankirstel","2"
"@shushaneandco","4"
"@faithmorin12","1"
"@backstitch","2"
"@just_fix_it","8"
"@boostnames","1"
"@travis_norman","1"
"@mindofjacob","2"
"@joebelfiore","12"
"@theregister:sorry","1"
"@andrewbrust","1"
"@kuwaitnewz","1"
"@andrew_bettany","3"
"@pankajontech","1"
"@dberthiaumecsa","2"
"@laurentjpr","1"
"@ckeyack","1"
"@dfl_post","1"
"@todrobbins","1"
"@socialmediaweek","1"
"@iamcpcanada","2"
"@m_hancesoftware","8"
"@groovypost","2"
"@nickweiss728","1"
"@basecomtec","12"
"@begley_d","1"
"@amazonindia2013","1"
"@perficient_ls","2"
"@kaitlynmaniel","1"
"@rubenhero200","1"
"@allotcomms","2"
"@3tcmerseyside","1"
"@nflonfox","1"
"@vermaakf","1"
"@jakemaslow","5"
"@certmag","1"
"@techstringy","6"
"@rmoslimani11","1"
"@crmonline","5"
"@f1004x","1"
"@youtuberetweet","2"
"@thegemini156","1"
"@howtoactfrench","2"
"@peggyanne","1"
"@noahtowers","1"
"@marcodsouza","1"
"@roblemvr","2"
"@bt_india","1"
"@mseurope","1"
"@jedblogk","3"
"@weareaditi","3"
"@haglundswe","1"
"@contz","4"
"@waelgamal","2"
"@kirkgilligkirk","1"
"@erinalanawalks","1"
"@cbmoss","2"
"@rajasthannews1","2"
"@seattleinsider","1"
"@businessspec","1"
"@hypebeast","1"
"@bofa_help","3"
"@lindspanther","1"
"@dustinspire","1"
"@nytimesbits","3"
"@weblifefr","2"
"@thurrott","6"
"@danbaum","3"
"@nokiapoweruser","6"
"@tipssoflife","1"
"@wavextechnology","1"
"@computerg4ming","1"
"@cnectdata","4"
"@mihalis10","1"
"@davidovalle305","2"
"@ildani70","6"
"@criscainzworld","1"
"@marqone1","1"
"@femrica","3"
"@ericomgal","1"
"@muchtech","1"
"@meneer","6"
"@amrazim2808","1"
"@pqrnl&lt;+1","1"
"@anmolchhibber","1"
"@hololens","13"
"@tweetdeck","1"
"@the_pc_doc","1"
"@snfonnbc","1"
"@wsssd42","6"
"@microsoftoem","2"
"@billgates'","1"
"@mkathleenwilson","1"
"@cnet","15"
"@bubbaaveragejoe","2"
"@hongkiat","1"
"@d_boyer88","1"
"@interfacett","2"
"@puppysrock015","1"
"@mmoushmoush","1"
"@therundownlive","1"
"@quimbs","1"
"@optimusdiaz","1"
"@smit_rs","2"
"@sinaataie","2"
"@kempharriet","1"
"@adamp_erp","2"
"@rtech","5"
"@redneck0prodigy","1"
"@alokmishra416","1"
"@mcpartnerstech","2"
"@teklust","2"
"@freeman_rj","1"
"@girlygamer028","1"
"@bbc","2"
"@liamklineberg","1"
"@jahnessa","1"
"@techdrift","1"
"@ibran","2"
"@jimboireland","17"
"@max_si_m","44"
"@nathaliecuesta","1"
"@ausweetangels","1"
"@futurechats","1"
"@cyanogeninc","5"
"@asi_solutions","1"
"@riptari"if","1"
"@momobangkok","1"
"@linkedln","10"
"@petergartenberg","1"
"@winslowbateman","1"
"@bankofamerica","4"
"@tmac_gamerz","2"
"@hickman120","1"
"@alexleite","1"
"@syddogluv2004","1"
"@legofriends4512","1"
"@gargorama","1"
"@blindsarcasm","3"
"@mitchtulloch","1"
"@jordan_pipitone","1"
"@myyesportal","1"
"@office","19"
"@voxdotcom","1"
"@chicagobigbull","1"
"@snapchat","5"
"@_designstory","1"
"@ziadasali","1"
"@maysoonzayid","5"
"@rockchick322004","1"
"@hardwarenewz","1"
"@virtual_patrick","5"
"@australian","1"
"@kemlyn_it","7"
"@coindesk","2"
"@zoho","3"
"@gma","1"
"@salesforcefr","3"
"@idenhaus","2"
"@exchangett","2"
"@opensesame","1"
"@final_station","1"
"@hartsy43","1"
"@strava","1"
"@pgn33","2"
"@msftcitizenship","27"
"@nikkinacks","1"
"@infrascience","1"
"@thomasmaurer","55"
"@brunus_v","2"
"@savision","1"
"@rubentroller","1"
"@redmondit","2"
"@computerworld","35"
"@unicefindia","1"
"@seguridadjabali","5"
"@iteration23","2"
"@grand_cod_craft","1"
"@alkampfer","1"
"@absoluteppt","1"
"@danholme","4"
"@ssaig","6"
"@syegulalp","1"
"@dare_rt","6"
"@costco.com","1"
"@bc3tech","1"
"@ms365sourcer","3"
"@data88geek","1"
"@freetuto1","16"
"@jeffjcastillo","1"
"@lumiaconvuk","5"
"@androidauth","53"
"@nagrobnigg","1"
"@scas","3"
"@mobilegalen","1"
"@ibstechnology","2"
"@tamaruk","1"
"@sharon_piehl","21"
"@apterasoftware","2"
"@smartdataco","7"
"@c4fsharp","1"
"@nat7m","1"
"@miamiheat","1"
"@yahoocare","1"
"@physorg_com","14"
"@coroolascoaga","1"
"@_montash","1"
"@tomr_dotnet","1"
"@eurostaff","1"
"@infiniteskills","1"
"@mikaturunen","1"
"@rich_gibbons","1"
"@stoprfid","1"
"@doc_sales","5"
"@rosenblattap","2"
"@btwheezy","3"
"@dinapetro","1"
"@billmoranimal","1"
"@4tiles","6"
"@jhenretig","1"
"@lumia_update","1"
"@phonescoop","1"
"@wallacerica","1"
"@gamergeek3126","1"
"@alexisw77152011","1"
"@selenalouisx","2"
"@itex4sharepoint","1"
"@uwmadison","1"
"@thedbzreaper019","1"
"@iandevlin","2"
"@sunil_abraham","1"
"@socialmedia2day","22"
"@captendorphin","3"
"@officialmsand","1"
"@deepimpactio","3"
"@askplaystation","2"
"@anrcloudsoft","3"
"@mbrookec","1"
"@lightingwolf23","1"
"@amberstrike","1"
"@nfoles_9","4"
"@steam_games","1"
"@mrwoof10","1"
"@lumiahelp","4"
"@thebriandonohue","1"
"@learn_style","1"
"@cfiessinger","1"
"@eaglewaves","2"
"@astrokole","1"
"@xboxmad","1"
"@ippeexpo","4"
"@threatpost","11"
"@s4","1"
"@sxyxxxnova","1"
"@lake_avenue","1"
"@nyageskajeun","1"
"@rickahardy","1"
"@jharrisgaming","3"
"@iclicker","1"
"@lionhearted_26","3"
"@gibberishmock","1"
"@rayyanworld","1"
"@zenzerosupport","2"
"@psbj","2"
"@ivanegegia","1"
"@nsrasta","1"
"@kingstontech","1"
"@jonbox","2"
"@seasupdates","3"
"@riley_cadle","1"
"@infynia","1"
"@markwilsonwords","2"
"@joaoluisc","4"
"@jpoggi","1"
"@qorusdocs","1"
"@malariegokey","1"
"@migadesigns","1"
"@ndtvgadgets","1"
"@pocketnow)","1"
"@reybango","1"
"@juliohe21435671","1"
"@thesmspak","1"
"@baapoffers","4"
"@mediat","1"
"@vikrampendse","3"
"@lee_stott","4"
"@microsoftpress","63"
"@nasdaq","1"
"@3_pro","2"
"@macmedics)","1"
"@shittybonmots","1"
"@sworbachev","1"
"@vdereks","8"
"@lumiapakistan","1"
"@linuxforyou","33"
"@falconsocial","5"
"@jesssicaharwood","1"
"@livingns","1"
"@geekscapegames","1"
"@magento_rich","1"
"@kfreberg","2"
"@thumbtackjack","1"
"@msftlync","1"
"@jeffi_xavier","1"
"@mwdadvisors","1"
"@rackspace","6"
"@ryebazylo","1"
"@virtualgraffiti","1"
"@ywsanchez","1"
"@reckel","1"
"@pd5445philip","2"
"@yodspica","4"
"@billmoyershq","1"
"@mrsjillysue","1"
"@mspartneruk","4"
"@xuperit","1"
"@cloudtidings","3"
"@v3_co_uk","1"
"@teamworkict","1"
"@lizjostes","1"
"@inazuma_gemini","1"
"@champnr","1"
"@shermanwong","1"
"@d2thac","3"
"@tbush","1"
"@cioonline","12"
"@charliehilton","1"
"@catchajob_us","1"
"@karendavid","1"
"@gwhitney6","2"
"@dieter_rauscher","1"
"@richothewood","1"
"@googleexpertuk","1"
"@dyrdyl2","1"
"@it4suits","1"
"@bniaulin","5"
"@sharepoint2k13","1"
"@twildottv","3"
"@exkoyp","1"
"@microsoftstore","6"
"@visualstudio","2"
"@channelnomics","1"
"@randyacabrera","1"
"@henrikwalther","11"
"@computerworlduk","1"
"@alvaro_bs","3"
"@flan_bahrain","1"
"@okta","1"
"@tomiahonen","2"
"@sylvainth","5"
"@hidde_mcpvp","1"
"@shanevereen34","1"
"@fish4developmnt","5"
"@jucetv_network","2"
"@happy57726","1"
"@qualityreadsuk","1"
"@grahammy64","1"
"@techradarpro","2"
"@loungelearning","2"
"@jrozenblit","1"
"@aarongreenberg","1"
"@infoq","1"
"@kemptech","1"
"@ccilearning","3"
"@msvirtacademy","3"
"@cnd_ltd","1"
"@barkingd","2"
"@earlskakel","2"
"@ikivanc","1"
"@codepo8","9"
"@_businesscloud","3"
"@ramonray","1"
"@boris_tran","1"
"@chrispaiano","1"
"@pcsug","1"
"@bradorluk","1"
"@i_talk_games","1"
"@smwbangalore","3"
"@jchrisphonte","1"
"@dsytman","1"
"@martigan110","2"
"@svg_brad","1"
"@microsoft_green","2"
"@msftnews","18"
"@payforrealfollo","1"
"@anoopmannur","1"
"@lwspecialevents","1"
"@zeinobia","1"
"@mymobilemail","1"
"@rohitshettyk-interesting","1"
"@talkhoops","2"
"@addvantz","2"
"@rtwsteve","1"
"@manifestcon","1"
"@esimoudis","2"
"@kennystimmel","1"
"@dentonmd","2"
"@_louislaz","1"
"@shashijeevan","5"
"@xbgameon","6"
"@lumianigeria","5"
"@robertnyman","1"
"@trubeliever007","1"
"@cbortlik","1"
"@cmoretzforeverx","1"
"@zentyal","2"
"@osdconf","2"
"@aidaakl","1"
"@droidconit","3"
"@ndambrosio","1"
"@funeralosprey94","1"
"@itech911","3"
"@robdemain","1"
"@pinktroid","1"
"@soulefacts","14"
"@7a94a2201fd04bd","1"
"@pjgintx","2"
"@digitalgurus","1"
"@loyalty360","1"
"@melendezsaribel","1"
"@jamesstewartnyt","2"
"@safer_online","2"
"@adhd123sue","1"
"@inxpo","3"
"@erikh_bi","1"
"@ashpoxon","1"
"@cymegnin","1"
"@darrenl_erp","1"
"@illstr8r","1"
"@goldwynz","1"
"@nickwingfield","1"
"@idarbgame","16"
"@shardshinjuku","1"
"@efhutton1","7"
"@helpbot3","1"
"@satyanadella","30"
"@microsofteu","1"
"@aspensolutions","1"
"@theoliver","1"
"@kiss925","1"
"@nowtalkit","5"
"@cpinspiration","1"
"@ralphmfulton","2"
"@tarin_fabian","1"
"@julissamontane1","1"
"@sammchiu","1"
"@1phototeach","1"
"@gwcc_atl","4"
"@vincheezo","2"
"@scottthewriter","2"
"@ccchinch","3"
"@sjongtung","1"
"@rodneykoolman","14"
"@ft","3"
"@realpeterson21","2"
"@usatoday","2"
"@msftventuresuk","2"
"@khalilflight","2"
"@kingminey","1"
"@the_hindu","64"
"@mrkenyattabanks","1"
"@x_veekay","1"
"@msandbu","77"
"@jonfollett","2"
"@bodensarah","1"
"@ash_adew","2"
"@friidaturku","20"
"@bob1german","3"
"@appstore","1"
"@vkamluk","7"
"@arhamellah","1"
"@teresadowelvest","3"
"@mobilitydigest","1"
"@007jaygp","1"
"@c0d3r","1"
"@techintuit","3"
"@_rachel_sol's","1"
"@gpmt","1"
"@2xsoftware","1"
"@jayc24381","3"
"@technews_google","4"
"@msftdynamicserp","2"
"@jack_peploe","2"
"@abc","1"
"@arkudadigital","2"
"@nick_scala","1"
"@jorganiser","1"
"@allegient","9"
"@binduw1","1"
"@jacobpandaswag","1"
"@networkworld","4"
"@omgjesus","1"
"@shanselman","3"
"@timbarrett","1"
"@kaiwaehner","1"
"@enderdawbz","1"
"@kuran_kaname173","1"
"@michaelianblack","1"
"@mennovandoorn","2"
"@corey_bos","1"
"@ford","1"
"@windowsvalley","2"
"@mikeymikey","1"
"@petapixel","2"
"@yiseltejeda","1"
"@msexcel,#powerpoint,#word","1"
"@castillowalbert","2"
"@qdrpune","1"
"@financeolizer","1"
"@christhedj","2"
"@michelvdbel","3"
"@myerscj","3"
"@mscurah","14"
"@polycom","6"
"@nilesh_soni","2"
"@mlppuppyvolgs","1"
"@msftdynamics","4"
"@cisecurity","7"
"@igyaan","1"
"@slashdot:#microsoft","1"
"@terrygalanis","1"
"@derpdoodles","1"
"@reggiesanders","2"
"@news_addicted","1"
"@tabletacademyaf","6"
"@code_wala","3"
"@bradmca","2"
"@jochemdg","1"
"@pinyourclient","2"
"@those2girls","1"
"@fooddiarydaily","1"
"@centricresource","6"
"@stephen2181971","8"
"@futuretensenow","1"
"@blowdart","1"
"@ramzeet","1"
"@tdottawa","3"
"@jswheeler8","3"
"@bernardmarr","2"
"@kv_inc","1"
"@alexgladd","1"
"@quotes_for_you0","1"
"@xboxculture","1"
"@camanpour","1"
"@tiwaash","6"
"@thisisvahid","1"
"@telerik","2"
"@rt_com","5"
"@chillmage","2"
"@vflorusso","1"
"@jolilovesfood","6"
"@safari","5"
"@wsjd","9"
"@gavmcs","1"
"@keith_boyd","1"
"@cslemp","1"
"@12news","5"
"@k2partnering","1"
"@uxgaurav","1"
"@billgates's","1"
"@nflexperience","1"
"@murrayfife","1"
"@jpetersen","10"
"@thingssandy","1"
"@cytasupport","1"
"@ronnydejong","4"
"@dtierno21","1"
"@naumpa","1"
"@cirqueas","3"
"@aditypa","1"
"@littletimmie_2","1"
"@boskettjokes","1"
"@cmo_com","1"
"@bitcoinnews24","5"
"@hmdawood007","1"
"@sharepoint","2"
"@make","2"
"@larrymagid","1"
"@xboxuk","1"
"@androidpitcom","4"
"@hitbywords","5"
"@oreolover3424","1"
"@vusiclive","3"
"@vinceyue","342"
"@windowsau","3"
"@jamesbrownmedia","2"
"@lumiaaustralia","3"
"@anzmvp","4"
"@schoolnetsa","3"
"@trendlabs","1"
"@exsotictech","3"
"@rikwalters","1"
"@riptari","1"
"@dotnetsolutions","4"
"@lollydaskal","9"
"@hakak","1"
"@appzero_inc","3"
"@royal_kareem","1"
"@tjoudeh","1"
"@tomboycat202","1"
"@pammktgnut","3"
"@paulojorge1432","1"
"@pro_abdallah","1"
"@wilkersonderek","1"
"@vladcatrinescu","1"
"@mkasanm","41"
"@jrosenburgh","1"
"@karlfranzmann","1"
"@kendricklamar","1"
"@dbmoore","3"
"@ndbridge","1"
"@businsiderau","3"
"@pjkrill","7"
"@davivi_0205","1"
"@drmazenhassan","1"
"@saasplaza","1"
"@androids","1"
"@codergossip","2"
"@kontrolfreek","1"
"@ngkabra","1"
"@awesomecast","1"
"@xosincerelyjill","1"
"@videouploads","1"
"@stephenfung","1"
"@sun_social","1"
"@readify","2"
"@julie188","2"
"@ianpaul","1"
"@makimcpwner","2"
"@unisyscorp","2"
"@daphneyuhas","1"
"@darkhershey12","1"
"@smashingmag","1"
"@fredisgalvez","1"
"@mjkim030215","1"
"@agata_dreams","1"
"@jackieoherer","1"
"@meanstackninja","4"
"@devidgiard","2"
"@briancondenanza","1"
"@mrmarkdemaio","1"
"@chriseseward","1"
"@modernshoppingy","3"
"@partnermktgrp","2"
"@frankps","2"
"@zoey_mia","1"
"@webnewsit","3"
"@ijrussell","1"
"@engadget","12"
"@pcpro","2"
"@centralcrafting","1"
"@hightecharici","3"
"@dubstepbraeden","1"
"@utronschindler","1"
"@zaibatsu","17"
"@brezinskijoshua","1"
"@kdart","1"
"@metavistech","18"
"@aghoshal","1"
"@itb_news","1"
"@ebayelectronics","1"
"@ollyawesome123","1"
"@robertakleekpo","1"
"@yourmom067","1"
"@vpnprivacy","29"
"@microforum_es","1"
"@signalhero","19"
"@certmatters","3"
"@peteregerton","2"
"@techfrag","5"
"@juliasocl","1"
"@jeffa36","2"
"@bi_enterprise","2"
"@kanezipperman","1"
"@wael","2"
"@davey","1"
"@office365","10"
"@microsoftbe","1"
"@iamsophianelson","1"
"@itsmeclaired","1"
"@rumdulmedia","2"
"@justenergygroup","1"
"@ingbruxo","1"
"@carlos1bello","1"
"@evolve_savage","1"
"@rockstargames","2"
"@zdnet","33"
"@ikayy_rose","1"
"@mykofyoutube","2"
"@dianeravitch","1"
"@pcmag","1"
"@ctrlzee","1"
"@tfcnepal","1"
"@beingjaiyadav","1"
"@jasonvanhouten","1"
"@kathleenselke","1"
"@sogeti_nl","2"
"@mspartner","9"
"@mikhaellauda","1"
"@bbcscitech","1"
"@techmagnifier","1"
"@modernmobility","3"
"@crmpartnersuk","1"
"@staten7","3"
"@99788bud","1"
"@isipartners","1"
"@aarongustafson","1"
"@msmstyletalk","2"
"@mattgreen_mxl","1"
"@amypurdygurl","1"
"@askamex","1"
"@tjmklaver","4"
"@moneymorning","1"
"@jackn_tbr","1"
"@dr_abby42","1"
"@outlook","32"
"@commitstrip","1"
"@mashable","30"
"@softcatlimited","1"
"@socolympics2014","1"
"@gamingprecision","1"
"@michellebuteau","1"
"@harriken","1"
"@katyperrysshark","2"
"@conanobrien","1"
"@arindam013","2"
"@analogaddiction","1"
"@msftsecurity","19"
"@verzakog","1"
"@msdev_ita","1"
"@verdtek","1"
"@applespokesman","2"
"@suplyleer","1"
"@the_it_cloud","1"
"@dariomazzella","1"
"@techcrunch)","1"
"@kingoftwelve","1"
"@swiderek","2"
"@saleh_1964","1"
"@jeffbakalar","1"
"@prodigy_one","1"
"@anthvespa","2"
"@problemsatuni","1"
"@jrouseonthetrak","1"
"@angel_mikes","1"
"@sarefo","1"
"@mchasenaco","1"
"@eamonf","1"
"@drewtheshooter","2"
"@dyinglightgame","1"
"@tr3elife","2"
"@thepolywellguy","2"
"@vickey2u","1"
"@dazgm","3"
"@mondaynote","1"
"@halfon4harlowmp","1"
"@perficient","3"
"@msau","5"
"@tecnbiz","6"
"@lakisha_renee","1"
"@benjaminoakes","1"
"@yuridiogenes","3"
"@dna","2"
"@jmariocadavid","1"
"@joeingeno","15"
"@artchinda","1"
"@cla2443","1"
"@ing","1"
"@kbyram700","5"
"@elijahtheham","1"
"@learnrinaday","1"
"@amybellxxx","1"
"@gsmarena","1"
"@sonalpmane","3"
"@killacamcr7","1"
"@mashable)","1"
"@sharepointvideo","2"
"@libreoffice","1"
"@gsmarena_com","2"
"@oscar920368","1"
"@anitamgeorge","1"
"@rowleyswebmall","1"
"@xarenicigizy","1"
"@fulldradio","1"
"@microsoftindia","7"
"@ms_forefront","1"
"@soprano24","4"
"@tjamire","1"
"@infowars","1"
"@yearupps","3"
"@cloud2ltd","1"
"@vladsavov","7"
"@hereshenry","1"
"@saeptavote","4"
"@hazelmist","1"
"@schecksiress","1"
"@tmfsunlion","1"
"@bob1german)","1"
"@romanyam","2"
"@jimlerman","1"
"@nphs_deca","1"
"@estateappsuk","2"
"@avidmarketer","4"
"@wtfsg","3"
"@edgefullscope","1"
"@smallbizgeekuk","1"
"@julwhite","5"
"@magentodstudio","1"
"@ibtimesuk","2"
"@terryd","1"
"@casvaniersel","3"
"@shilpakannan","1"
"@scconline","2"
"@bitchflicks","2"
"@majornelson","1"
"@tigraofc","1"
"@openforbizapac","1"
"@andreasrades","1"
"@boxxy24","1"
"@savannabarbee","1"
"@artionet","1"
"@dinesh_cisco","1"
"@technet4ucz","1"
"@fightthestroke","2"
"@koenigsolutions","1"
"@basicnob","1"
"@techbiteus","1"
"@buddersky74","1"
"@newsrepublic","3"
"@dkeramidas","1"
"@ctprcomputing","2"
"@lowpricesuk","3"
"@emotionwins","1"
"@theverge","4"
"@3xedigital","1"
"@comediacarrie","1"
"@huffingtonpost","1"
"@broadsoft","1"
"@mcdonalds","1"
"@dream2clean","1"
"@richnickbrooks","1"
"@sgalineau","1"
"@kasperskylabb2b","1"
"@hcurnor","34"
"@dmoorefield","4"
"@cliffdabbs","1"
"@iexceedltd","1"
"@bi_europe","9"
"@isaiahs4106","1"
"@bluedragonmagik","1"
"@jacace","2"
"@minemymeat","1"
"@ashiqja","1"
"@billyatdell","1"
"@deadspin","1"
"@zdeferguson","1"
"@charmbrittian","3"
"@msftimagine","1"
"@johnthecav","1"
"@amyyang51595334","1"
"@currly_com","1"
"@easycompulearn","1"
"@drrimmer","2"
"@bundlecamp","2"
"@nathanphamit","1"
"@axelerateway","1"
"@jamesashley","2"
"@delphinel","1"
"@techtarget","3"
"@finckendorff","1"
"@talentshopnz","1"
"@sumayyafirasat","1"
"@thunderdog32","1"
"@wired:the","1"
"@japan_anime_ota","3"
"@theneeds_game","1"
"@businessinsider","15"
"@hp","1"
"@herolayer","4"
"@max_hemingway","1"
"@irishgirl3171","1"
"@patheticist","2"
"@p_petril","7"
"@elkejorens","1"
"@bav0","1"
"@sidnchips","1"
"@noopman","7"
"@sjvn","11"
"@theblogtrainer","1"
"@ibeliever","1"
"@infosecuritymag","1"
"@callofduty","1"
"@harmonizeit1","1"
"@lumianews","6"
"@kewalrai713","1"
"@foodbanklocal","2"
"@teamship","1"
"@westipcomm","1"
"@ortizcam08","1"
"@azure","21"
"@casinohostvegas","1"
"@microsoftasia","4"
"@mobilestrixs","2"
"@erikvaldez","4"
"@utstartatx","1"
"@prettybrains08","2"
"@pagefair","2"
"@minoritystatuz","1"
"@slvo","1"
"@tjaypr","1"
"@securitygarden","1"
"@talentsoc","3"
"@thracks","1"
"@shmooreport","1"
"@anmol_112","1"
"@technionlive","1"
"@laraspencer","1"
"@flytesystems","1"
"@mkbhd","1"
"@babnotonadiet","1"
"@nbcsnl","3"
"@topcoolvids","2"
"@msftnws","4"
"@violinmemory","1"
"@reddit","2"
"@indianic","1"
"@anthonyh_the3rd","1"
"@the_victimized","1"
"@soccer132014","2"
"@isaacac21219206","1"
"@yusufozturk","1"
"@seahawks","5"
"@mitgc_cm","1"
"@ns_app","2"
"@konicaminoltaus","1"
"@nimue9fm","1"
"@microsoftcanada","6"
"@cherylcasone","5"
"@argos_online","3"
"@k_alex1","1"
"@focusnewsindia","1"
"@it_connection","1"
"@jerriepelser","1"
"@idig_investment","8"
"@msftinsider","3"
"@sai","15"
"@bittech","2"
"@millmannick","2"
"@parlezme","1"
"@jjhammondmusic","1"
"@angelssoriano74","3"
"@tarabrewer1","2"
"@perketing","2"
"@pabloafain","1"
"@rudyhuyn","1"
"@nypost","1"
"@campreadsmore","3"
"@xo_tia_ovoxo","1"
"@jordyvdboom","1"
"@msadvertising","1"
"@investinfinland","5"
"@1800pocketpc","1"
"@theskylineview","1"
"@gamer_rtweets","8"
"@silentlennie","1"
"@bigbible","1"
"@digcardealers","1"
"@thairsoukar","1"
"@invest4ude","2"
"@ronbentata","2"
"@behance","1"
"@semaphoreit","9"
"@dicetechjobs","2"
"@saalur","2"
"@investcorrectly","1"
"@playstationeu","1"
"@slashgear","2"
"@spreaker","2"
"@volt6591","1"
"@sainaresh81","1"
"@sivarajtweets","2"
"@ashytyelo","1"
"@p2technologies","1"
"@chemistk8","1"
"@opjames33","1"
"@marcodalpino","1"
"@cinquetacche","1"
"@tclark01","1"
"@lchluigi","1"
"@bladefirelight","2"
"@fannyveliz","1"
"@reviewjolla","7"
"@telegraph","1"
"@rolfewinkler","1"
"@coffeecoaching","3"
"@jessiekate9","1"
"@julientournier","2"
"@tommyhobson","2"
"@realtechfeed","2"
"@iam_sudip","2"
"@maverickwoman","1"
"@geetesh","1"
"@bymattj","1"
"@hmschwenk","2"
"@3aae5f11d6b0454","1"
"@statewashington","1"
"@everlookstudios","3"
"@riptar","1"
"@enosix","1"
"@bizsolutionsms","4"
"@createfire","1"
"@innovatemyschl","10"
"@rkgjobs","1"
"@slipkn0tic","1"
"@ladannikravan","2"
"@isocialmediasea","3"
"@realstrongfacts","33"
"@corybooker","1"
"@pancake_le","1"
"@omonigatti","1"
"@gizantenna","1"
"@pshorg","3"
"@cex","1"
"@mercuryxrm","3"
"@grid_engine","1"
"@gamejobsbot","1"
"@pwc_cy_press","1"
"@arstechnica","3"
"@sanesecurity","3"
"@jpscsharepoint","1"
"@howen","1"
"@dublinrecruiter","1"
"@naz_azim","2"
"@nintex","1"
"@iannoble","2"
"@top_tech_stocks","4"
"@montashbi","2"
"@jahanzaibk","1"
"@evan99528028","1"
"@pouncyjihan","1"
"@maistora","1"
"@b1ghands","2"
"@tanyaserbia","3"
"@bndghar","1"
"@glosjobs","1"
"@nbcsports","1"
"@delicious","1"
"@ptschoolprobs","1"
"@edemkumodzi","1"
"@haroldvandekamp","2"
"@uktechdays","1"
"@winwire","3"
"@adjustyourset","1"
"@steven_hawkings","1"
"@mashandco_kids","4"
"@sabidoclick","1"
"@kraziyanto","1"
"@claydesk","1"
"@mrcknowzit","1"
"@lisenstromberg","1"
"@johnbhagerty","2"
"@tandekfi","1"
"@markthompsontv","1"
"@jessicagottlieb","1"
"@et_lifestyle","1"
"@thomasordahl","2"
"@gunnerthproness","1"
"@linkagentrblx","1"
"@productivityapp","1"
"@extrahop","1"
"@itsupportuk","1"
"@johnpalmer","1"
"@shopizotron","1"
"@chaddieboi","1"
"@mvanhorenbeeck","1"
"@candasystems","1"
"@adweek","1"
"@the_real_dark","2"
"@tourdownunder","1"
"@droidforums","2"
"@arix","3"
"@oneplus","1"
"@deltafire29","1"
"@zio_excel","1"
"@pluralsight","1"
"@tousif_03","1"
"@packageindex","1"
"@curtisthekidrs","1"
"@riddler06","2"
"@projectpeachuk","1"
"@claudiasi88","1"
"@evomobilerec","1"
"@lailamuhammad","1"
"@kevingolly123","1"
"@saasabi","1"
"@syvylyze","6"
"@xone_br33","1"
"@jonniehack","10"
"@bdsams","3"
"@samuel9911","1"
"@ssforwindows","1"
"@_subhojit_paul","1"
"@arealityevent","3"
"@bertoldoalberto","1"
"@lipstiknpolitks","1"
"@bxihs","1"
"@jthake","1"
"@housegop","1"
"@jakewiddy","1"
"@shadymalatawey","1"
"@tbcoworking","21"
"@shehanperuma","1"
"@bjohnsn13","1"
"@17edc","1"
"@soph_investor","3"
"@phil_sorgen","5"
"@mikehole","1"
"@robinroberts","1"
"@bentrimbo","1"
"@gamehudders","1"
"@always","5"
"@ryan_doucette","1"
"@huyhmn","7"
"@lctooflyy","1"
"@700espn","1"
"@ksegall","2"
"@secretalrtstock","7"
"@all4camo","1"
"@cameronmcgorian","2"
"@durov","1"
"@broadpointtech","1"
"@coolblindtech","1"
"@truengaming","2"
"@xboxsupport","16"
"@wenbo04_bo","1"
"@skbytesblog","1"
"@zachonlinkedin","4"
"@smallbiztrends","1"
"@satyanadella's","1"
"@drvibert","1"
"@dzone","4"
"@android_beat","6"
"@ronnieluvfics","1"
"@ie","2"
"@richonown","1"
"@aledrisi","1"
"@indiegamestand","1"
"@microspecialist","2"
"@skypejobs","1"
"@mweembemotion","1"
"@aamit81","1"
"@latahri","1"
"@langonej","2"
"@minecraft_beads","1"
"@redwingsal","1"
"@phoronix","7"
"@msonenote","14"
"@cyanogen","5"
"@freearticlenow","1"
"@fpweb","5"
"@mojowrkn","1"
"@fahdriyami","1"
"@bytf","1"
"@ericmitt","1"
"@droid_life","47"
"@gointhrucustoms","1"
"@ms_ignite","20"
"@tiolouie","1"
"@markhachman","10"
"@apple","4"
"@saurersauce","1"
"@iainmagee","1"
"@megadgetguy","1"
"@emils72","1"
"@toptalllc","5"
"@iminer2015","1"
"@iacubed","4"
"@idiotinside","2"
"@sererena","1"
"@summit7systems","3"
"@swordfishshow","1"
"@clemclemco","1"
"@mnarish","1"
"@akkibhimani","1"
"@mako_gianrobin","1"
"@thegamingrhino0","1"
"@techspot","1"
"@twinbytesec","6"
"@kurochii_desu","1"
"@_poppelgaard","4"
"@kevengaming","1"
"@tonybradleybsg","1"
"@khadjamagan","1"
"@norheims","1"
"@asterix4real","3"
"@atterobay","2"
"@jltechword","1"
"@winphanin","1"
"@kelleyindy","8"
"@julie_tweeets","1"
"@arlynnrose1","2"
"@scorpioraj","1"
"@rsd__gaming","1"
"@hilarypb","2"
"@colinsteele","3"
"@ljforand","1"
"@thisproduct","1"
"@ewan","1"
"@jobrefers","1"
"@ukcio","1"
"@devobrown","1"
"@rubenidas","1"
"@msftcitynext","2"
"@abhishektelang","4"
"@praxaaus","1"
"@teamrge","3"
"@necn","1"
"@supertom8thomas","1"
"@michelhubert","3"
"@opera","1"
"@sayftycom","2"
"@bi_sports","1"
"@mihailmateev","1"
"@themogminer","1"
"@chrristianlee","1"
"@shi_intl","5"
"@puneusergroup","3"
"@crn","2"
"@techbeatnews","1"
"@cryptocointalk","1"
"@edward_czech","1"
"@pwstechdesk","1"
"@afairgo","2"
"@imcloud_uk","3"
"@hicktown_chick","1"
"@forbestech","5"
"@kansaskoyote3","1"
"@kingsoftofficed","1"
"@xxrockmetalxx","1"
"@ziiyvane","1"
"@gmail","3"
"@workwithindia","2"
"@mollielombardi","1"
"@rww","4"
"@vscordovatools","2"
"@areyougaming","1"
"@the_witty_brit","1"
"@seocanada88","3"
"@eekinthecreek","1"
"@mserna0420","1"
"@onlinepro","1"
"@macmedics","165"
"@musingvirtual","2"
"@gamerekonindia","5"
"@kevinharvell","1"
"@laeasterseals","1"
"@iainswanston","7"
"@arellanodma","1"
"@reddit_ama","1"
"@nimblestorage","1"
"@itspecialist","1"
"@ccsmedia","1"
"@dupinflowers","1"
"@qnh_nl","1"
"@thehindu","18"
"@wired","14"
"@mjasay","16"
"@citizenfrederic","1"
"@martredi","1"
"@datixinc","1"
"@ciscodc","8"
"@damirb","3"
"@clusterstock","1"
"@maria_luiissa","1"
"@angelalarocca","1"
"@brownarnika","2"
"@physiciansmoney","2"
"@mibuso_com","1"
"@lumia","19"
"@xboxqwik","1"
"@getstrap","1"
"@totalbiscuit","1"
"@mslearning","6"
"@indianexpress","1"
"@bethkaye53","1"
"@andreleibovici","1"
"@hackedoffhugh","1"
"@outfreshmag","2"
"@ethan_mitchell3","1"
"@moneycontrolcom","2"
"@kimmykimmyheart","1"
"@stephenhoops","1"
"@darkerx0322","1"
"@revolutionr","12"
"@k9gamer6","1"
"@teamharmonie","2"
"@spotify","1"
"@sqlug","1"
"@kfleye","1"
"@abriael","3"
"@verge","85"
"@inthecloudmsft","3"
"@alexisr","2"
"@rizinsights","3"
"@kekepipitone","2"
"@connects","2"
"@prakash_ganguly","1"
"@thewindowsclub","2"
"@forwardsu","1"
"@herroooitsjimby","1"
"@mi__opinion__es","1"
"@beccsvaroga","2"
"@reinsbachmarco","1"
"@techxplore_com","5"
"@scubadam","2"
"@squastana","2"
"@vaidymohan","1"
"@darkhorse166","1"
"@marrc","1"
"@economictimes","71"
"@9am","4"
"@encloud9","2"
"@sharegatetools","1"
"@iamwill","1"
"@vesajuvonen","1"
"@andreworbit","2"
"@fintechna","2"
"@gigaomresearch","1"
"@dealnewsbot","4"
"@inlogicdk","3"
"@miktam","1"
"@0x7ba07c","4"
"@hvredevoort","5"
"@phoenixw1123","1"
"@webpronews","1"
"@jack_is_gaming","1"
"@gracie_mjohnson","3"
"@gingerninjabre1","1"
"@softchoice","2"
"@clemtechrail","1"
"@fossbytes14","2"
"@microsoftsa","1"
"@microsoftsb","4"
"@jennifermason","1"
"@angel85wings","3"
"@ninjasforhealth","4"
"@english_maven","3"
"@winphonesupport","3"
"@smcgothboy","1"
"@openatmicrosoft","1"
"@microsoftsv","1"
"@chatafuckup3","1"
"@minecraft","1"
"@dylancookabc","1"
"@judithuriosteg1","1"
"@tim_purcell","1"
"@rexbackman","3"
"@vembutech","6"
"@theregister:windows","1"
"@minetheman13","1"
"@tobythef0x","1"
"@technolizer","2"
"@coesolutions","1"
"@emeamvp","2"
"@gizbotcom","18"
"@eweeknews","6"
"@nikki_believeit","1"
"@wutznxt","2"
"@wonderlaura)","1"
"@wpdev","1"
"@rajetweets","2"
"@enderusgaming","1"
"@cnntech","1"
"@insightent","1"
"@isitele","1"
"@bisoftwarenews","1"
"@clcsimon","1"
"@tammydunbar","2"
"@microsoft","169"
"@msftventures","9"
"@envisiontech","1"
"@audrey_william","1"
"@pinnaclenow","1"
"@echogravity","1"
"@fortunemagazine","2"
"@kashyapa","3"
"@wbuzzer","383"
"@sagevippayroll","1"
"@escotrodrigues","10"
"@withernet","1"
"@muenzpraeger","1"
"@crmug","2"
"@oneshotoncod","1"
"@nyt","1"
"@nytimesbusiness","2"
"@sayonical","1"
"@gfisoftware","2"
"@lreeg","1"
"@jerrynixon","1"
"@mattd3nny","2"
"@pqrnl","4"
"@kappalouie","2"
"@holohologirl","2"
"@sqrabbitpvp","1"
"@bringtheidea","2"
"@robinson_sti","1"
"@nytimes","37"
"@avaya","5"
"@khalidhamdan0","2"
"@cookiesfaith01","1"
"@finleycookerp","1"
"@minniafeng","4"
"@softwareoneuk","2"
"@icba","1"
"@xcentralau","2"
"@reelfalconlover","1"
"@msftresearch","3"
"@windowsperf","1"
"@sarahrichelhoff","1"
"@pedrocoto29","1"
"@erichorvitz","1"
"@seattletimes","1"
"@eakleiner","1"
"@bieyjohn3","1"
"@johnheinleinarm","2"
"@oned_myheros","1"
"@evosinfo","1"
"@arstech","2"
"@msimpresa","4"
"@inquisitrtech","1"
"@zoaibh","1"
"@ylenews","3"
"@betanews","10"
"@rodney_walker","4"
"@sorgatron","1"
"@googlecloud","1"
"@kyleisrael","1"
"@lancelarsen","1"
"@thomaspoconnell","4"
"@chase","4"
"@sunilmadhani","2"
"@jrypl","1"
"@epicsilverboots","1"
"@codeview","7"
"@bayareafastrack","1"
"@arstechnica)","1"
"@pointlessii","1"
"@alhilwa","1"
"@miroloeffi","14"
"@legendstevejobs","1"
"@agasick23","1"
"@elpaiscat","1"
"@hiddenbrains","8"
"@wpuc1","1"
"@dianberly712","1"
"@sharrisny","1"
"@mhsatman","1"
"@jcmeister","1"
"@harrymccracken","4"
"@druadh20","2"
"@rainbow_reo","1"
"@alvarocelis","6"
"@erinhutcheon","2"
"@mpr's","1"
"@fashionablygeek","1"
"@captain_kickit","1"
"@masalasoftapps","1"
"@espurloc","2"
"@kanbohq","24"
"@4seasontickets","1"
"@sebastianhoelzl","2"
"@caseykim12","1"
"@sytec","1"
"@amazonindeals","1"
"@infoworld","24"
"@dragonriffi92","1"
"@dotnet","2"
"@itrenovation","1"
"@charliekirk11","3"
"@neowinmicrosoft","19"
"@nvidiagrid","2"
"@yahoofinance","3"
"@level50podcast","2"
"@applenws","1"
"@mrfhitz","1"
"@jariangesleva","1"
"@microsoftnyc","11"
"@sarab_sqlgeek","5"
"@mirkomikulic","1"
"@chase4843","1"
"@feelisgood","4"
"@danbo2468","1"
"@andrewhbaker2","1"
"@wpawlikowski","1"
"@windowsitpro","2"
"@mr_sjs","1"
"@neowinfeed","6"
"@_she__gorgeous","1"
"@irongirl1224","1"
"@preginald","2"
"@ncarolinarecord","1"
"@mikehammons","3"
"@uxcam","1"
"@montrealindian","1"
"@scruffyfurn","3"
"@jpankow","1"
"@lumiaus","3"
"@cioasia","1"
"@blackmarble","2"
"@ceektechnology","4"
"@gamolizer","1"
"@lumiauk","2"
"@sandeepmanek","1"
"@castenman","2"
"@narendramodi","9"
"@williammanning","1"
"@elonmusk","1"
"@hpsingapore","1"
"@windowshive","5"
"@aezael","1"
"@charltonbrooker","1"
"@itlme","1"
"@xfemalenotes","2"
"@logitblog","2"
"@dougsigmon","1"
"@ajay_cissp","4"
"@scott_lowe","1"
"@yummiernose40","1"
"@kamaumandela","1"
"@mexican_thug22","1"
"@microsoftlb","1"
"@gigaom","3"
"@meaghanbmckeown","1"
"@justtimmarshall","1"
"@gsx_solutions","17"
"@feczkob","1"
"@alexhendrikse","4"
"@mamtanarula","1"
"@lc_badger","1"
"@epicbiznews","1"
"@halafrangie","1"
"@blind_matrix","2"
"@xrm3","1"
"@shiv_koirala","1"
"@nandomswriter","3"
"@slatemoneybox","1"
"@codeproject","1"
"@jennyimpact","2"
"@winbetadotorg","187"
"@ricardo_laguna","1"
"@venturebeat","9"
"@vrzog","77"
"@tamaramccleary","24"
"@atameey","2"
"@translationlady","1"
"@teknodemi","1"
"@gridstore","1"
"@timwalwyn","6"
"@paulgallen","1"
"@unknown_f34rz","1"
"@sheelmajumdar","2"
"@stellex12","1"
"@ericking541","1"
"@lawyerist","3"
"@verge)","1"
"@wizrdstrikes3","1"
"@profsmolyneux","2"
"@cooki3_hd","1"
"@techland","2"
"@riskgamingpros","1"
"@windows","26"
"@ajitgjoshi","1"
"@_haba","1"
"@nomsindoed","2"
"@gsrr_uk","1"
"@flipkart","1"
"@brandee","5"
"@xboxjobs","15"
"@verge}","1"
"@erickbiez","1"
"@fullscopechem","1"
"@lear_software","2"
"@dapasoftinc","1"
"@aperdichizzi","5"
"@elizrecruits","2"
"@tomshwitalia","1"
"@nhasive","1"
"@storyfic","1"
"@celestixnetwork","1"
"@josepros","1"
"@verbatltd","1"
"@temenos","1"
"@devonna_j","1"
"@minerlol2002","1"
"@patniday","1"
"@sway","2"
"@dahaiqiewen","1"
"@f7214a36bd58407","1"
"@frarsoftware","4"
"@business","4"
"@aegissofttech","1"
"@sayedh21","1"
"@mytrendyphonenl","2"
"@sdouche","3"
"@markgilroy","1"
"@marcelaunique","2"
"@aspose","1"
"@oudendorp","1"
"@hoakaustinj","1"
"@gazly's","1"
"@reddogt3","1"
"@yahtsy","1"
"@volpone_danny","1"
"@zujdfzexitera","1"
"@amdradeon","2"
"@common","70"
"@github","2"
"@eecsatmi","1"
"@windowsphone","3"
"@surface","10"
"@adityn","2"
"@cnbc","6"
"@fonearena","1"
"@rspruijt","34"
"@etnow","1"
"@yodisjeff","2"
"@actinglikepigs","1"
"@maxpog","2"
"@caleyglasgow","1"
"@ajitmis","2"
"@toi_tech","40"
"@paul","1"
"@cocacola","5"
"@weiterbilder","1"
"@rokkmedia","1"
"@wandergirlxx","1"
"@srikanthnair","3"
"@linkedinpuise","5"
"@a881824dd3a6416","1"
"@179713228b0949c","1"
"@informationweek","11"
"@dabkick","4"
"@lindamercurio","1"
"@mallett_leo","1"
"@netcto","3"
"@tommsft","13"
"@mp_connect","1"
"@simbatech","2"
"@borianapetrova","2"
"@frentus15","1"
"@imagineraltd","1"
"@getswayy","11"
"@chrisdilullo","6"
"@kittykat04x","1"
"@nokia","1"
"@zonegaminghq","1"
"@tedschachter","1"
"@ontorumblediaz","1"
"@perficient_msft","4"
"@keycodemedia","1"
"@msprodreviews","14"
"@worldstarfunny","1"
"@gizmag","1"
"@windowsug","1"
"@cynthiabarstow","4"
"@phillyucug","1"
"@interbrand","1"
"@linuxfoundation","1"
"@digiticefinland","1"
"@cenydapascual20","1"
"@thekingofzee","1"
"@xbox","47"
"@rayheffer","1"
"@brienposey","1"
"@callmedollar","1"
"@twitter","4"
"@sqlserver","2"
"@computerweekly","3"
"@tbrinc","3"
"@oscarcastillo19","1"
"@claygeffry","1"
"@drsllc","4"
"@mindspeakapps","1"
"@viticci","1"
"@jenmitch","1"
"@mspowerbi","2"
"@iphonehackx","7"
"@acer7071","1"
"@akashparmar786","1"
"@kim_totten","2"
"@spenceoutloud","1"
"@dancaplinger","1"
"@surfaceproaudio","1"
"@paulikuosmanen","5"
"@nhuau","1"
"@pocketnow","37"
"@oneappleworld","1"
"@evangilbort","2"
"@fiercecm","1"
"@clearanalytics","1"
"@pierrejoye","2"
"@peterematthews","1"
"@andreabkcr","1"
"@marcgarrigasait","1"
"@rajupp","1"
"@teamgleason","1"
"@jgarciabolao","8"
"@egxpanda","1"
"@shopiepenguins","1"
"@roger_m_taylor","2"
"@sitefinity","2"
"@rsherman_25","2"
"@rivelinstudio","1"
"@bbcnews","1"
"@asmithblog","1"
"@windowscentral","4"
"@budweiser","3"
"@partymonsta2015","1"
"@statspecialist","3"
"@bldwin","1"
"@ryanmeitzler","1"
"@roguebaptist","1"
"@channelinsider","1"
"@jakiwatsonn","11"
"@cnnmoney","2"
"@gizmodo","3"
"@lesscher_it","1"
"@walterisaacson","2"
"@iotattack","1"
"@electriczplays","1"
"@digitaltrends","3"
"@daxioms","1"
"@joebrusuelas","1"
"@byod_news","3"
"@jlrudy","1"
"@mcadeyanju","2"
"@microsofttrend","14"
"@virtrealitytime","1"
"@careerchangeccw","1"
"@accenturedigiuk","2"
"@kloudsolutions","2"
"@yardi","1"
"@newstruthliz","1"
"@bradsmi","2"
"@thecloudnetwork","2"
"@conversationedu","1"
"@theregister:#microsoft","1"
"@it_serve_gcc","3"
"@microsoft_edu","2"
"@androidpolice","1"
"@siriusnews","4"
"@bill","1"
"@laurentimedici","1"
"@i4unews","1"
"@ross109245","1"
"@lephotographeur","1"
"@v2_consulting","7"
"@onpartech","3"
"@drewbrees","2"
"@newsmanone","1"
"@npmulani","2"
"@ch9","9"
"@lumiarsa","3"
"@tylermagazine","2"
"@chrnola","1"
"@technetuk","2"
"@monstermmorpg","3"
"@corzntin_pi","2"
"@datanovation","2"
"@microsoftqatar","1"
"@coupontrump","1"
"@michaelgough","1"
"@sd42news","6"
"@stmaryspd2014","1"
"@sharethis","4"
"@keneaingalls","1"
"@mvpbrasil","1"
"@microsoftcyber","14"
"@blonderella","1"
"@eldersofgenova","1"
"@mspartnersuk","2"
"@microsoftmd","2"
"@foxbusiness","4"
"@windowsblogin","2"
"@kylecebull","11"
"@paulswann","1"
"@darrenthewalrus","1"
"@heinejensendk","2"
"@iwishicouldplay","1"
"@securitynewsbot","2"
"@crmpartnersnl","1"
"@c09haikal","2"
"@healthxproject","1"
"@ebay","16"
"@itsdeannafool","1"
"@stevejobsparody","2"
"@gmansquad3","1"
"@casinovipmgr","1"
"@msstudiosblog","1"
"@cesarvargas365","1"
"@brianbuquoi","1"
"@basitaali","4"
"@k_marquis","4"
"@games_deadpool","1"
"@bikinigirlz1","1"
"@occue","1"
"@laura1025","1"
"@rainyofthedark","3"
"@combinedhistory","1"
"@v_vashishta","5"
"@microsoftstore)","1"
"@it_elearning","4"
"@gulf_news","2"
"@itweb","1"
"@centrixsoftware","1"
"@joydipkanjilal","1"
"@cheechleduc","1"
"@alarecruiter","2"
"@faith6357","1"
"@nick_in_london","1"
"@acspmse","1"
"@unidev","3"
"@windowsserver","1"
"@launchticker","1"
"@marianoleonleon","1"
"@blues_control","2"
"@student_wire","1"
"@tdagroupusa","1"
"@senate_gops","1"
"@osphate_gaming","1"
"@rmulder_unisys","1"
"@amherstmatt","2"
"@techafrikico","2"
"@georgewhitfield","3"
"@bengillin","1"
"@paras_jn","9"
"@fastcompany","13"
"@kierstindawley","1"
"@dreamitloveit1","1"
"@cafoundation....nice","2"
"@billfranksga","1"
"@scugbe","3"
"@microsoftiot","1"
"@almeei97","1"
"@pdmproject","6"
"@8ap","1"
"@sbs_ict","1"
"@vanessa_simons","1"
"@follow_finance","1"
"@rohitsinghseo","2"
"@samreviews","1"
"@minecraftnews","2"
"@patrickmoorhead","2"
"@formpipebenelux","2"
"@shakti8india","1"
"@itzverra","1"
"@mtholfsen","26"
"@rafaelmnatali","1"
"@mellontraining","1"
"@ltlv613","1"
"@whitehouse","1"
"@nicconf","1"
"@ceomgmt","1"
"@betsymunnell","1"
"@noone12382","1"
"@couponsnip","1"
"@peterjhill","1"
"@dirkstrauss","2"
"@kikihoho1","1"
"@arndbrugman","1"
"@ehv8","1"
"@andyger","1"
"@circuitspromos","2"
"@prnewswireil","1"
"@nathangloyn","2"
"@vdalto","1"
"@neudesic","2"
"@satishktm","1"
"@wbirabby","2"
"@fouad47","1"
"@brianhyphen","1"
"@thanachart","1"
"@calebja2003","1"
"@nevvkid","1"
"@renakunisaki","1"
"@apksorg","2"
"@brandon98420768","1"
"@suite369","3"
"@itconnect_fr","2"
"@chaimonkey","1"
"@__ute","1"
"@windroiddotcom","1"
"@goodthings2life","1"
"@ian_drew_arm","1"
"@fkeys","3"
"@proatthis47","1"
"@jparkercnet","1"
"@gdkjordie","1"
"@spacexgodxodd","1"
"@johnlbair1","3"
"@juliageist","1"
"@osan125","1"
"@ungvall","2"
"@xxb_sxx","1"
"@dashboard365","1"
"@fptechdesk","2"
"@sportparadise","4"
"@itgroove","3"
"@pearsonitcert","2"
"@odatnoah14","1"
"@advantagecbn","1"
"@ilyesgouta","1"
"@conormorgan","1"
"@chrisstl","1"
"@thisnoblesavage","1"
"@smdaniel","1"
"@fmonkey59","1"
"@intel_pakistan","1"
"@sajidabalouch","1"
"@rootnotion","1"
"@josephsirosh","3"
"@ten_six","1"
"@dellsecurity","1"
"@dikwizdumbnews","2"
"@daddytechno","3"
"@salarycrap","2"
"@toxicg92","1"
"@ujjwalkr","2"
"@acserrano","1"
"@microsoftny","18"
"@heberolopes","1"
"@jsnover","3"
"@missshanelle321","1"
"@aliennr9","1"
"@microsoftnl","5"
"@rachelking","1"
"@wakralab","1"
"@kahlillylil","1"
"@leanondat_purp","2"
"@littledragon576","1"
"@hi_zylo","9"
"@microsoft_agen","22"
"@aryantechsolu","1"
"@xdmad","1"
"@paceseteclectic","2"
"@biz_tips","1"
"@softwarehollis","2"
"@wesobakowoku","1"
"@tmcdynamicsgp","1"
"@solihullcollege","3"
"@scoopit","5"
"@murilocmiranda","1"
"@veerarags","1"
"@socialglims","1"
"@topedigiworks","1"
"@stmarysderryit","2"
"@maryjofoley","27"
"@crowdmappedpr","1"
"@masyerofwind89","1"
"@stuntbrain","1"
"@ctowncody","1"
"@destroyerhd","1"
"@zoe_cairns","1"
"@toprpggame","1"
"@chelseapompeani","1"
"@jallatte","2"
"@dsgamdcps","2"
"@raspberry","1"
"@lancewatson","3"
"@gserda","3"
"@808_dave","1"
"@nallagatla","1"
"@martine13941500","1"
"@plugfestcon","1"
"@mcavkcm","1"
"@robmcgov","1"
"@msnzeducation","1"
"@nsjournal","1"
"@windowsjobs","8"
"@jtochterman","1"
"@johndzone","5"
"@milendimov","1"
"@azure_france","1"
"@seekingalpha","7"
"@nuzzel","3"
"@wonderlaura","3"
"@gagecrone","1"
"@tkacareers","1"
"@hiddenharmony","1"
"@ryandarbymartin","2"
"@chipbobbert","1"
"@xdadevelopers","2"
"@mr_clutching_it","1"
"@msptn","1"
"@uvaseascareers","3"
"@jordoncade","1"
"@roseasp","2"
"@saorijulian","1"
"@leoaw","1"
"@inekemcg","1"
"@davidtedu","1"
"@accentureindia","8"
"@qbsme","1"
"@toiindianews","1"
"@world_knews","4"
"@sfb_cheshire","1"
"@startupphl","1"
"@fraissit-#nice","1"
"@mgliksmanmdphd","1"
"@umitsunar","1"
"@xboxza","2"
"@zaffry007","2"
"@billgates","67"
"@scotttaylor19","1"
"@pandodaily","2"
"@winobs","1"
"@searchcoit","7"
"@techradar","3"
"@lynt_ar","5"
"@creative_byte","1"
"@tecfac","1"
"@bernatcatreal","1"
"@curtrice","1"
"@android's","1"
"@marcorus","1"
"@ronamadeo","1"
"@techradar)","3"
"@azzurricomms","2"
"@planetoptionews","2"
"@marccroteau","1"
"@thenextweb","7"
"@progressts","2"
"@tsahil","1"
"@mariee_laila","1"
"@computerpdf1","19"
"@itsbobby0527","1"
"@msmsoftware","2"
"@giagroup","2"
"@pc_sweg","1"
"@fabianwilliams","1"
"@awscloud","3"
"@zachskinner3","1"
"@mrpritsays","1"
"@anexinetbi","1"
"@kwabenaboakye","1"
"@el_startupero","2"
"@writer_jon","1"
"@miyatola","1"
"@starwindsan","2"
"@tcrowley122","1"
"@virizionyt","1"
"@lizcriolla","3"
"@mhueschen","3"
"@msinikari","4"
"@jackadaniels","4"
"@pswebsitedesign","1"
"@edtechtimes","1"
"@rightpoint","1"
"@dove","2"
"@androidpure","1"
"@christianperger","1"
"@virtuallyaware","1"
"@ievars","2"
"@itgroovesmb","1"
"@26c39b8b691d4c8","1"
"@siavash","36"
"@jopocop","5"
"@thecarm","1"
"@msrndil","1"
"@tennapel","1"
"@jturner_ibrs","1"
"@aragonresearch1","14"
"@solihullbiz","3"
"@skypeclassroom","5"
"@elvinsonraul","3"
"@asigra","1"
"@erinassociates","1"
"@schestowitz","15"
"@faizanmotani","2"
"@motmatteroftech","5"
"@computer_pdf","71"
"@bitsnbytesgame","1"
"@zeljkazorz","1"
"@jamiet","1"
"@alien_highjinx","1"
"@ivordavies59","1"
"@itunity","1"
"@badejarnes","2"
"@stinkymoustache","1"
"@hihidco","2"
"@benjaminwarne12","1"
"@eskills4jobs","8"
"@butlarsebby","1"
"@ncallaghan1","2"
"@saschadaniels","1"
"@ankitthakor14","1"
"@paulwallbank","1"
"@marrydenisse121","6"
"@lowpricedelect","2"
"@hectorp47106687","1"
"@superbowi","1"
"@fonteradigital","1"
"@pdchina","1"
"@corewindows","2"
"@dhenschen","1"
"@kbazaraa","1"
"@msdev","6"
"@redgate","1"
"@iluvmaria","1"
"@sogetilabs","1"
"@idgconnect","1"
"@jfhodgkinson","1"
"@rahul_godz","1"
"@mpowerbi","1"
"@manrepeller","9"
"@jameslaneme","1"
"@arunjaitley","1"
"@sl8r83","1"
"@chucknicecomic","1"
"@eluxycomputers","1"
"@jason_sweeten","1"
"@invictalinux","2"
"@robynbenincasa","1"
"@crate4life","1"
"@spyrexrevo","1"
"@sumitsinha","2"
"@linkedin","10"
"@zcaglar","1"
"@techl0g","3"
"@bcconvert","1"
"@zeepunjab","1"
"@mum_themadhouse","1"
"@shoutgamers","1"
"@stephenbarber","1"
"@leedeering","1"
"@xgn_galaxy","1"
"@lseltzer","1"
"@julsfoley","2"
"@concentrateddon","1"
"@businessline","2"
"@windowsjobs:how","1"
"@tangi28306851","1"
"@ittrix","1"
"@jacopo_della_q","1"
"@123allac","1"
"@studioplus","1"
"@bloombergtv","1"
"@microsoft_sa","22"
"@microsoft_sg","2"
"@raspberry_pi","8"
"@drewgoldfinger","3"
"@cs_uva","3"
"@birgithuebsch","1"
"@hostingjournal","1"
"@marianjoyrehab","1"
"@johncabell","2"
"@actbrilliant","2"
"@amandhally","4"
"@slowxrm","1"
"@thewinphan","4"
"@sam15139","1"
"@matrixreality","14"
"@gaidar","10"
"@raspitoday","1"
"@bing","1"
"@kinectphotos","8"
"@wikitude","1"
"@malalo1991","1"
"@sherry12gakunga","1"
"@aspnet","2"
"@taxjustice","3"
"@miltonsecurity","2"
"@chainstoreage","1"
"@tomsmit10565522","1"
"@susanhanley","1"
"@uktimemachine","1"
"@farrenroper","1"
"@pitmanchelt","1"
"@halolens","2"
"@companybuilt","1"
"@snapzu","1"
"@admcomputing","1"
"@victoriadkirby","1"
"@organiclivefood","1"
"@itrmobility","2"
"@hackslurp","1"
"@microsofteduk","6"
"@marykayb63","3"
"@wasbuxton","1"
"@gap_consulting","1"
"@assarsson2000","1"
"@jessgroopman","1"
"@paulcdale","8"
"@financialreview","3"
"@shahfenil08","3"
"@jamesvandenberg","9"
"@mashbusiness","1"
"@nhaustralia","1"
"@saurabhkirtani","1"
"@phaetaq","1"
"@evo_dotnetrecuk","2"
"@dougthomas","1"
"@joshandjoy26","1"
"@twitprattu","1"
"@hanuk","1"
"@bigsteve_99","1"
"@themotleyfool","2"
"@kdanielleluna","1"
"@quartetservice","1"
"@calvinfleming","1"
"@simonsezit","5"
"@bernardoffmann","2"
"@securityweek","4"
"@itoncompany","7"
"@vmahendraa","2"
"@mcforlifeeee","1"
"@samanth32731275","2"
"@cws_inc","1"
"@robynsworld","2"
"@atlbizchron","3"
"@tjdurlach","1"
"@null","4"
"@csharpcorner","12"
"@legendgamerztv","1"
"@miss_ctina","6"
"@swapnilbhartiya","3"
"@idynamics1","1"
"@tonyjcosta","1"
"@disco_stu74","1"
"@adblockplus","1"
"@wearhacks","4"
"@johndylanger","1"
"@googlechrome","1"
"@phonearena","1"
"@mobipicker","1"
"@v_yaduvanshi","3"
"@niche","1"
"@sqlport","1"
"@dfrieson","1"
"@drywallturtle","1"
"@johnlwheaton1","1"
"@barackobama","3"
"@estellapyfrom","1"
"@compusellusaa","1"
"@nawzil8","2"
"@snackslove","1"
"@electronicsnews","5"
"@rootsector","1"
"@prepayasyougo","1"
"@wsj","10"
"@alekgamer17","1"
"@khadeejam","1"
"@gamespot","1"
"@startupgrindbcn","1"
"@daily_finance","1"
"@chrisbohjalian","4"
"@time","3"
"@emjayburbs","1"
"@meenakshiuberoi","2"
"@jennbostic","1"
"@tremaynescave","1"
"@plcuadros","1"
"@spiderlogicind","2"
"@teblonks","2"
"@bi_india","1"
"@zacksander99","1"
"@microsoftcyprus","4"
"@esotericame","1"
"@fhpienaar","1"
"@demorgen","1"
"@searchuc","2"
"@exhoopsprguy","1"
"@anonenvironment","1"
"@teachthought","1"
"@mikegrand1","2"
"@pdandd","1"
"@dataintel","1"
"@humanrightsanon","3"
"@dellsoftware","1"
"@sdtimes","11"
"@tabletacademyuk","14"
"@livealiveclothing","3"
"@phwdewit","4"
"@omd_uk","3"
"@kittenbaby23","1"
"@mpesce","2"
"@musingmurmurs","1"
"@newsroompostcom","5"
"@avanade","1"
"@sohana","1"
"@anthonysalcito","1"
"@kccio","1"
"@nettango","1"
"@eagsports","1"
"@p0ttermrs","1"
"@edbott","1"
"@youtube","12"
"@danielwcooper","1"
"@1brandonmartin","1"
"@instant_ivan123","1"
"@epro","3"
"@makeuseof","1"
"@mexican0124356","1"
"@techtrainertim","3"
"@andreavahl","1"
"@360onedegrees","2"
"@emcnederland","2"
"@zephoria","1"
"@android","7"
"@tanks113","2"
"@albertwijayatj","1"
"@lamaruniversity","15"
"@dbiservices","1"
"@ana_4453","2"
"@hernanemartinez","1"
"@markdavis","16"
"@kid_is_gamin","1"
"@glyndarkin","1"
"@alan_koo","1"
"@trydavis","1"
"@drpizza","1"
"@kithoover","1"
"@thebitcoinshark","1"
"@appscluster","1"
"@rarrigo","20"
"@followback_rvs","1"
"@mybroadband","3"
"@tecno_game","1"
"@gameinformer","1"
"@tjholmes","1"
"@alexgorisnl","1"
"@kannuk","1"
"@justinzeb@themazibuko","1"
"@aleroinc","2"
"@nohabasiony","3"
"@rogerg781","4"
"@gschltr","1"
"@leonardodavis19","1"
"@will_smith1888","15"
"@mik_softwareone","1"
"@appwindows","1"
"@ravikikan","3"
"@kaygiza","2"
"@stevehamil123","1"
"@gzusagnt007","1"
"@jdeverter","5"
"@cmswire","5"
"@tacchyal","1"
"@commuterlove","1"
"@buou","1"
"@sococo","1"
"@dodrecruiterdc","1"
"@1prettyplug","1"
"@tech_faq","2"
"@blackburn_un_24","1"
"@lapisdemon","1"
"@drtritsch","3"
"@djfrankieee","1"
"@strategicsaas","1"
"@ndtv","1"
"@dualshockers","1"
"@drumoorhouse","44"
"@dizzygustavs","1"
"@cardinalnow","1"
"@loeffenanton","1"
"@daronyondem","1"
"@joesgonnatweetu","1"
"@effektor","1"
"@vecchi_paolo","1"
"@superbowladstv","2"
"@boumediane","1"
"@uk_naba","1"
"@equalsthreeshow","2"
"@modernactivism","1"
"@scotteach","1"
"@ysm_to","4"
"@christophkeese","4"
"@snipez201","1"
"@cnnheroes","1"
"@ismbonweb","4"
"@faikeef","1"
"@andrewmachinima","1"
"@mspoutlook","3"
"@chemewilmer","1"
"@olenakolikhova","2"
"@blackberry","1"
"@killerbananaga","1"
"@iamvmac","1"
"@itgroovesp","1"
"@wildchris14","1"
"@themeatly","1"
"@michaeldukeshow","3"
"@zelfstudie","2"
"@matthewo_brien","1"
"@warnov","1"
"@kocoabigail","1"
"@kklawatsch","2"
"@msftswjobs","2"
"@emailmktgweb","1"
"@vaultcareers","1"
"@mumonthebrink","1"
"@johnnydeadline","1"
"@mjendsor","1"
"@theregister","5"
"@marcoagnoli","1"
"@nickgdwn","4"
"@ishriss","4"
"@ally_frogs","1"
"@848g","1"
"@kfrgheather","2"
"@thetrueazon","1"
"@azzureit","1"
"@techreview","26"
"@parisiceskate","1"
"@2514a51e26274aa","1"
"@hitcgaming","5"
"@ppinternational","1"
"@bluemetalinc","2"
"@hitachisolca","1"
"@mashabletech","1"
"@amazon","6"
"@manib1974","3"
"@microsoftitalia","4"
"@superbcrew_com","5"
"@utubeconsulting","4"
"@amcannaweedco","1"
"@msdevindia","3"
"@enigmacg","2"
"@devsoftsol","1"
"@guerrillatees","1"
"@vitalik_komenda","1"
"@myce","5"
"@talkin_cloud","2"
"@bgr","1"
"@katyapavlin","1"
"@readyforce","1"
"@myopeningbell","1"
"@adamlmedia","1"
"@bitcoinagile","8"
"@biztrending","1"
"@christiebriscoe","1"
"@emmashaw83","1"
"@timehop","1"
"@robertcampion","1"
"@yissezapata","2"
"@keithmayer","1"
"@ctctraincanada","6"
"@buicoza","1"
"@seanodavids","1"
"@iamdjkue","3"
"@narainabhishek","2"
"@damonwilliam","5"
"@cohaesus","1"
"@carlossewing","1"
"@arielnunez24","1"
"@viberhelp","1"
"@lillyanngames","1"
"@msdevuk","1"
"@hitshelp","3"
"@takefiftyfive","3"
"@devitpl","1"
"@naglarzk","2"
"@tutposts","1"
"@itstimetogeek","2"
"@davidfcox","1"
"@meulta","1"
"@sigij","3"
"@stephahen","1"
"@sophlvesya1","1"
"@rfmnews","1"
"@mxdatacareers","1"
"@synergietrainin","1"
"@theratedd","1"
"@geekwire","3"
"@pacificcentre","2"
"@ybarracris","1"
"@ameijers","1"
"@kirupa","1"
"@vytru","5"
"@tecadatasafe","2"
"@ytohhhdroxi","1"
"@fberson","1"
"@36conno","1"
"@superjamel","1"
"@sitepointdotcom","1"
"@toddworsham","1"
"@ashnilmomi","1"
"@awsaxton","2"
"@manavdas","2"
"@profdudegk","1"
"@cssitsecurity","1"
"@kajugamers","1"
"@nailaha","1"
"@cybershack","3"
"@brianwilson","1"
"@billtaylor81","1"
"@domineus","3"
"@ijsmblog","1"
"@ericdemarylebon","1"
"@ateasverige","1"
"@cgt106","1"
"@appleinsider","1"
"@airsafetyman","1"
"@softpedia","1"
"@jaimekons","1"
"@itchanneltt","2"
"@rts_leeds_depot","2"
"@m0ukd","3"
"@matthewstaude","1"
"@qycavytykyjo","1"
"@thirdlineuk","1"
"@droidsans","1"
"@proseditorpros","1"
"@lth0ms0n","1"
"@jonnyfest9","1"
"@unluagyol","1"
"@sjager","6"
"@ericfiredragon2","1"
"@rep_inst_uk","2"
"@chrisdenarend","1"
"@_ricky_is_op","1"
"@youritdeptltd","1"
"@rkhurramshahzad","1"
"@itproportal","3"
"@moui","1"
"@devin5285","1"
"@shoretel","1"
"@technetindia","2"
"@lonerlifekirk98","1"
"@pinebrry","1"
"@amalakhras","1"
"@mattmoniz","3"
"@psswstyles","9"
"@ryancasey777","2"
"@andrew73","3"
"@linuxveda","10"
"@bossbelikesweet","1"
"@eli_fennell","2"
"@game_insight","9"
"@mictorino","3"
"@msmobileblog","1"
"@bonganimzulu","1"
"@piilo_software","4"
"@eferron","1"
"@msftexchange","1"
"@sharepoint_pro","1"
"@johnporteriv","1"
"@alap1983","1"
"@theneeds","1"
"@richardisonline","1"
"@daviddrury","3"
"@lyzrubie","1"
"@loretobgude","11"
"@msvtlv","1"
"@danmonstrous","1"
"@xctrackdude","1"
"@yahoosg","1"
"@thewp8blog","2"
"@randygarutti","1"
"@mishrakamaln","4"
"@nouispasta","1"
"@bemightily","3"
"@taragoontech","21"
"@dailyprof","3"
"@commsweek","2"
"@pdagod201","1"
"@tdell60","1"
"@atlas_ict","3"
"@eskildkrogh","1"
"@martintenvoorde","2"
"@debug_mode","2"
"@mswebplatform","1"
"@futurelooks","3"
"@darrylktaft","1"
"@itpro","5"
"@emitsolutions","4"
"@gameandmedia","11"
"@ashish_oficial","1"
"@microsoftjobs","1"
"@coursemonster","1"
"@uvaits","2"
"@4jstudios","1"
"@mklinchin","1"
"@theinquisitr","1"
"@tonia_81","3"
"@hololensupdates","1"
"@manojvmathew","1"
"@dontpanicevents","2"
"@essar","1"
"@smediamonitors","1"
"@skynapse","7"
"@learningtree","2"
"@princesskenny59","1"
"@factionapollo","1"
"@mac360","1"
"@micwarg","2"
"@bigdaddypo36","1"
"@kyle_mason5","1"
"@bob_babbitt","1"
"@mikeschirps","1"
"@peterwolfinger","1"
"@danthompson_tn","1"
"@vicky_green1","2"
"@amazoncom","2"
"@kifleswing","1"
"@jpmanga","1"
"@katupnorth","1"
"@sfgirl","1"
"@pnoorderijk","2"
"@youngtech","1"
"@dknemeyer","2"
"@beny_valoyes","1"
"@tinux80","1"
"@pcspam","24"
"@scott_sgauthier","1"
"@imimadjalal","1"
"@inc","1"
"@blackbriar101","2"
"@hbelam","1"
"@maartenballiauw","1"
"@kflandreau","1"
"@olivermoazzezi","1"
"@pcworld","15"
"@fabioluinetti","2"
"@portobellodig","1"
"@pdsltd","1"
"@purassan@arubei","1"
"@bospoke","2"
"@abc7elex","3"
"@gadgicult","1"
"@sharep911","1"
"@julien_robert","1"
"@propertybuzzltd","2"
"@shellyluvslisa","4"
"@mktoon","11"
"@marigoround_tv","1"
"@emmi_stubin","1"
"@gabeaul","3"
"@erin_liz_2020","1"
"@imketchupgamer","1"
"@udemy","1"
"@msdevbelux","1"
"@hlmongoose","1"
"@cryptinc","1"
"@skype","4"
"@ntmarketscom","1"
"@rhipecloud","1"
"@dianahwangtt","1"
"@drjashton","1"
"@patriotssb49","1"
"@lumiamclaren","2"
"@vocatusgate","1"
"@mikeshipulski","2"
"@mus_sithebe","1"
"@patticlifford","3"
"@matthewjetthall","1"
"@billybreen1","3"
"@vogueandvibez","1"
"@newvisionwire","1"
"@rjmoeller","4"
"@aaronxboxmad","11"
"@erroldenger","1"
"@haikustock","1"
"@symantec","1"
"@arcticdba","1"
"@appieofflciai","6"
"@meromefan11","1"
"@davidgiard","2"
"@hardline_stance","1"
"@comassar","5"
"@rheckmanender","1"
"@rezirecandy","1"
"@thegamerbat77","1"
"@altasia_tech","2"
"@rustyrazorblade","2"
"@shangoamadi","2"
"@timothyepli","1"
"@cbtnuggets","3"
"@weareci","20"
"@dixus","1"
"@playstation","1"
"@superbowl","2"
"@lumiaindia","3"
"@int0x13","2"
"@adesa","1"
"@mtaglie","1"
"@tengokutobaku","1"
"@punchthrough","1"
"@brianbourne","1"
"@katvharris","1"
"@livelawindia","1"
"@ellieschwartz","1"
"@fascinatingvids","1"
"@waseemwsm","1"
"@mafiya69iitbhu","1"
"@datacoresystems","1"
"@steveranger","8"
"@fernwehc","1"
"@coccco","3"
"@acompli","9"
"@timesofindia","22"
"@westconpolycom","1"
"@nay","1"
"@promosdealsmore","1"
"@ders808","35"
"@rjamesmoore","1"
"@fastcodesign","1"
"@ntampio","1"
"@scamadviser","1"
"@wired:#microsoft","2"
"@cafoundation","8"
"@joshhomer","3"
"@endergamerxx","1"
"@jacobmc4966","1"
"@pugh_noah","1"
"@altimetergroup","2"
"@thenewsminute","5"
"@sarwechs","4"
"@lovejoybnc","1"
"@rodtrent","3"
"@o2webdev","1"
"@aliaksoz","1"
"@mcskreezy","1"
"@thatlady_ku","1"
"@catchappco","1"
"@enybull","1"
"@pgmalusardi","1"
"@coolboyninja10","1"
"@google","8"
"@maximumpc","1"
"@reputation_inst","2"
"@advsol","3"
"@bsmuir","1"
"@marco_sikkens","2"
"@benfoxrubin","1"
"@plo8monster","1"
"@pocket)","3"
"@lundbergmarkus","1"
"@nisaselvi2","1"
"@mileyallaccess","1"
"@forbes","8"
"@olustewart","2"
"@lostmortal792","1"
"@natschooler","1"
"@techcrunch","35"
"@mytechent","3"
"@theswapfiles","3"
"@visualstudio10","1"
"@bahjogal","1"
"@livealive_tm","2"
"@agilibility","1"
"@neada85","1"
"@dan55162","1"
"@darieldthenry","3"
"@worldnaija","1"
"@oyinkansola007","1"
"@theregister:spartan","1"
"@earlborron","1"
"@engadget.com","1"
"@bhtimmy","1"
"@changebase","3"
"@rmd_designs","1"
"@jussipalo","1"
"@kelseymasontbr","2"
"@iseeteaching","1"
"@robertmmccarthy","1"
"@jayromb","1"
"@unilove4eva","1"
"@marinerllc","8"
"@havefaithedits","1"
"@kpatrickos","2"
"@gamesyouloved","37"
"@microsofthelps","46"
"@rtl","1"
"@bdaily","1"
"@bizalertz","1"
"@nytimestech","2"
"@starlord_daniel","2"
"@adamzebra","1"
"@brittanyumar","1"
"@melaniemoo12","6"
"@ttshay_j","1"
"@gatesfoundation","3"
"@venturehive","1"
"@1005thedrive","2"
"@thekreklowgroup","1"
"@grownchild420","1"
"@mckplays","1"
"@nickballer30","1"
"@karmanomad","2"
